school,applicant
香港科技大学工程企业管理理学硕士,"中山大学, 材料物理, 两年工作经验，GPA3.5，雅思7.0"
香港大学工程学（机械工程）理学硕士,"上海交通大学, 船舶与海洋工程, 已毕业，GPA2.97，雅思6.5"
香港城市大学工程管理学理学硕士,"福州大学, 工程管理, 大四，GPA83.75，托福:101(L:29/R:30/W:21/S:21)"
香港大学工程学（机械工程）理学硕士,"西安交通大学, 工业设计, 大四，GPA3.81，雅思8，GRE333"
香港大学工程学（机械工程）理学硕士,"布里斯托大学, 机械工程, 大四，GPA68.67，不需要"
香港大学工程学（机械工程）理学硕士,"天津大学, 机械设计制造及其自动化, 已毕业，GPA3.42，雅思6.5"
香港浸会大学绿色科技（能源）理学硕士,"太原科技大学, 环境工程, 大四，GPA86.35，雅思6.0"
香港大学工程学（机械工程）理学硕士,"东北大学秦皇岛分校, 车辆工程, 已毕业，GPA2.77，雅思:6.5(L:6/R:7/W:6/S:6.5)"
香港理工大学电子及资讯工程学理学硕士,"上海大学, 电子信息工程, 三年工作经验，GPA84.9，雅思6"
香港中文大学机械与自动化工程理学硕士,"武汉理工大学, 轮机工程, 大四，GPA3.67，雅思6.5（6.0）"
香港大学电子商务与互联网计算理学硕士,"西南财经大学, 电子商务（支付结算方向）, 大四，GPA82，雅思6"
香港城市大学工程管理学理学硕士,"同济大学, 交通工程, 大四，GPA80.75，雅思6"
香港大学工程学（电气与电子工程）理学硕士 - 常规方向,"中山大学, 物理学, 大四，GPA83，雅思7.5"
香港科技大学环境健康与安全理学硕士,"北京大学, 环境科学, 已毕业，GPA77，雅思6.5"
香港理工大学工程商业管理理学硕士,"扬州大学, 金融学, 大四，GPA83.93，雅思:6.5(L:6/R:6.5/W:6.5/S:7)，GRE:335"
香港大学计算机科学理学硕士（多媒体计算方向）,"西南大学, 计算机科学与技术, 已毕业，GPA3.49，雅思6.5"
香港理工大学工程商业管理理学硕士,"上海财经大学, 金融学, 已毕业，GPA2.87，雅思7.5，GMAT740"
香港理工大学工程商业管理理学硕士,"西南大学, 经济学, 大四，GPA85，雅思:6.5(L:7/R:7/W:5.5/S:6)"
香港城市大学生物医学工程理学硕士,"华南师范大学, 生物科学（师范）, 大四，GPA82.3，雅思6.5"
香港城市大学计算机科学理学硕士,"西北工业大学, 信息安全, 三年以上工作经验，GPA81.46，托福85"
香港大学计算机科学理学硕士（常规方向）,"同济大学, 软件工程, 大四，GPA89.01，雅思:6.5(L:7.0/R:7.0/W:6.5/S:6.0)"
香港城市大学电子资讯工程学理学硕士,"北京理工大学, 电气工程及其自动化, 已毕业，GPA75，雅思6.5"
香港城市大学电子资讯工程学理学硕士,"南京农业大学, 电子科学与技术, 已毕业，GPA84.72，464"
香港大学运输政策与规划文学硕士,"清华大学, 工业工程, 大四，GPA3.22，雅思6.5"
香港大学工程学（机械工程）理学硕士,"天津大学, 机械设计制造及其自动化, 已毕业，GPA3.05，雅思:6.5(L:7/R:6.5/W:6/S:6)"
香港中文大学电子商务与物流技术理学硕士,"长安大学, 交通运输, 大四，GPA89，雅思6.5"
香港大学计算机科学理学硕士（常规方向）,"浙江大学, 计算机科学与技术, 大四，GPA87.52，雅思:6.5(L:6.5/R:9.0/W:6.0/S:5.0) 托福:83(L:19/R:23/W:23/S:18)"
香港中文大学营养、食品科学和技术理学硕士,"华南农业大学, 园艺, 已毕业，GPA87.35，雅思6.5"
香港中文大学系统工程与工程管理理学硕士,"苏州大学, 物流管理, 大四，GPA90，雅思6.5"
香港中文大学电子商务与物流技术理学硕士,"暨南大学, 网络空间安全, 大四，GPA87.2，雅思6.5"
香港理工大学机械工程理学硕士,"北京理工大学, 机械工程, 已毕业，GPA79，雅思6"
香港大学工业工程与物流管理工学硕士,"中南大学, 消防工程, 已毕业，GPA84.35，雅思:6.5(L:7.0/R:6.0/W:6.0/S:6.0)"
香港大学电子商务与互联网计算理学硕士,"北京邮电大学, 电子商务及法律, 大四，GPA87，雅思7.5"
香港大学电气与电子工程工学硕士（常规方向）,"山东大学, 微电子科学与工程, 已毕业，GPA85.33，雅思6.5"
香港城市大学电子资讯工程学理学硕士,"吉林大学, 微电子科学与工程, 已毕业，GPA81.11，雅思6.5"
香港理工大学工程商业管理理学硕士,"东北林业大学, 工程管理（中外合作办学）, 已毕业，GPA83.33，雅思:7(L:8/R:7.5/W:5.5/S:6)"
香港理工大学工程商业管理理学硕士,"中国矿业大学（徐州）, 会计学, 两年工作经验，GPA3.6，雅思6.5"
香港城市大学多媒体资讯科技理学硕士,"北京交通大学, 软件工程, 大四，GPA85.5，460"
香港中文大学计算机科学理学硕士,"浙江大学, 计算机科学与技术, 大四，GPA87.52，雅思:6.5(L:6.5/R:9.0/W:6.0/S:5.0) 托福:83(L:19/R:23/W:23/S:18)"
香港中文大学地理信息科学与智慧城市理学硕士,"中南大学, 遥感科学与技术, 大四，GPA87.8，雅思7"
香港大学工程学（土木工程）理学硕士 - 环境工程方向,"华中农业大学, 环境工程, 大四，GPA85.57，雅思6.5"
香港理工大学工程商业管理理学硕士,"西南政法大学, 英语, 一年工作经验，GPA3.98，雅思:7.0(L:7.0/R:7.5/W:6.5/S:6.0)"
香港大学创新设计与技术工学硕士,"上海大学, 智能制造工程, 大四，GPA85.4，雅思:7(L:7.5/R:7/W:7/S:6)"
香港大学创新设计与技术工学硕士,"北京林业大学, 电气工程及其自动化, 大四，GPA86.32， 6.0"
香港大学创新设计与技术工学硕士,"东北大学秦皇岛分校, 自动化, 两年工作经验，GPA3.92，托福83，GRE315"
香港理工大学测绘及地理资讯学理学硕士（测量）,"华南农业大学, 测绘工程, 已毕业，GPA88.9，雅思6.0"
香港理工大学区块链科技理学硕士,"河海大学, 物联网工程, 一年工作经验，GPA81.48，雅思7.0"
香港理工大学生物医学工程理学硕士,"四川农业大学, 生物科学, 大四，GPA86.74，雅思6.5"
香港大学土木工程工学硕士（环境工程方向）,"中国地质大学, 环境科学与工程, 大四，GPA84.13，雅思:7.0(L:7.5/R:7.0/W:6.5/S:6.0)"
香港科技大学化学与能源工程理学硕士,"广东以色列理工学院, 化学工程与工艺, 已毕业，GPA81.8，雅思6.5"
香港科技大学电信学理学硕士,"东南大学, 测控技术与仪器, 两年工作经验，GPA79，雅思:6.5(L:6/R:7/W:6/S:6)"
香港科技大学电子工程理学硕士,"上海交通大学, 测控技术与仪器, 大四，GPA79.44，雅思7"
香港中文大学信息工程理学硕士,"北京航空航天大学, 信息安全, 大四，GPA87.95，雅思6.5"
香港科技大学电子工程理学硕士,"华中科技大学, 光电信息科学与工程, 已毕业，GPA76.1，家考托福101"
香港城市大学生物医学工程理学硕士,"苏州大学, 生物技术, 大四，GPA82，雅思7"
香港理工大学土木工程学理学硕士,"北京工业大学, 土木工程, 大四，GPA88.66，雅思6/5.5"
香港大学计算机科学理学硕士（多媒体计算方向）,"北京邮电大学, 计算机科学与技术, 三年以上工作经验，GPA83.87，雅思6.5"
香港科技大学航空工程理学硕士,"布里斯托大学, 机械工程, 大四，GPA68.67，不需要"
香港科技大学机械工程理学硕士,"华南理工大学, 光电信息科学与工程, 已毕业，GPA79.11，雅思6"
香港科技大学机械工程理学硕士,"武汉理工大学, 轮机工程, 大四，GPA3.67，雅思6.5（6.0）"
香港大学计算机科学理学硕士（常规方向）,"北京工业大学, 软件工程（中外合作办学）, 大四，GPA3.55，雅思6.5"
香港大学计算机科学理学硕士（常规方向）,"华南理工大学, 软件工程, 大四，GPA84.8，雅思:6.5(L:6.5/R:7.5/W:6.5/S:5.5)"
香港理工大学环境管理及工程学理学硕士,"广东工业大学, 环境工程, 已毕业，GPA84，雅思6"
香港科技大学电子工程理学硕士,"南京大学, 微电子科学与工程, 两年工作经验，GPA3.89，雅思6.5"
香港科技大学电信学理学硕士,"山东大学（威海）, 应用物理学, 大四，GPA77，雅思6.5"
香港科技大学机械工程理学硕士,"天津大学, 机械设计制造及其自动化, 已毕业，GPA3.42，雅思6.5"
香港中文大学环境信息、健康与公共管理理学硕士,"多伦多大学, 环境地理, 大四，GPA3.42，免"
香港科技大学电子工程理学硕士,"东南大学, 测控技术与仪器, 两年工作经验，GPA79，雅思:6.5(L:6/R:7/W:6/S:6)"
香港科技大学电信学理学硕士,"天津大学, 物联网工程, 已毕业，GPA81.58，雅思6.5"
香港大学电子商务与互联网计算理学硕士,"东北师范大学, 已毕业，GPA87.02，雅思:7.5(L:7.5/R:8.5/W:7.0/S:6.0)"
香港理工大学环境管理及工程学理学硕士,"华南理工大学, 资源环境科学, 两年工作经验，GPA77.62，雅思6.0"
香港科技大学航空工程理学硕士,"天津大学, 机械设计制造及其自动化, 已毕业，GPA3.42，雅思6.5"
香港科技大学土木基建工程与管理理学硕士,"长安大学, 道路桥梁与渡河工程（中外合作办学）, 大四，GPA86.47，雅思6.5"
香港城市大学电子资讯工程学理学硕士,"山东大学（威海）, 电子信息工程, 大四，GPA82.66，雅思:7.0(L:7.5/R:8.5/W:6.0/S:6.5)"
香港科技大学电信学理学硕士,"南京大学, 微电子科学与工程, 两年工作经验，GPA3.89，雅思6.5"
香港大学计算机科学理学硕士（网络安全方向）,"山东大学, 信息安全, 大四，GPA84.29，雅思7"
香港理工大学电子及资讯工程学理学硕士,"深圳大学, 自动化, 一年工作经验，GPA80，雅思6.5"
香港城市大学电子资讯工程学理学硕士,"南京理工大学, 通信工程, 大四，GPA85.89，雅思6.5"
香港科技大学电信学理学硕士,"南京理工大学, 通信工程, 大四，GPA85.89，雅思6.5"
香港中文大学信息工程理学硕士,"天津大学, 物联网工程, 已毕业，GPA81.58，雅思6.5"
香港中文大学通信工程理学硕士（CUHKSZ）,"天津大学, 电子信息工程, 大四，GPA3.24，雅思6.5"
香港浸会大学环境与公共卫生管理理学硕士,"南京体育学院, 运动康复, 大四，GPA87.53，481"
香港城市大学电子资讯工程学理学硕士,"中国科学院大学, 电子信息工程, 已毕业，GPA3.55，雅思:7(L:7.5/R:8/W:6/S:6)"
香港理工大学电子及资讯工程学理学硕士,"吉林大学, 微电子科学与工程, 已毕业，GPA81.11，雅思6.5"
香港大学土木工程工学硕士（通用方向）,"长安大学, 道路桥梁与渡河工程（中外合作办学）, 大四，GPA86.47，雅思6.5"
香港城市大学多媒体资讯科技理学硕士,"上海交通大学, 软件工程, 已毕业，GPA80.46，CET 6"
香港科技大学集成电路设计工程理学硕士,"吉林大学, 微电子科学与工程, 已毕业，GPA81.11，雅思6.5"
香港大学电气与电子工程工学硕士（常规方向）,"南京理工大学, 通信工程, 大四，GPA85.89，雅思6.5"
香港中文大学营养、食品科学和技术理学硕士,"合肥工业大学（宣城校区）, 食品质量与安全, 大四，GPA3.25，雅思6.5"
香港大学电子商务与互联网计算理学硕士,"中南大学, 信息管理与信息系统, 大四，GPA87.16，雅思6.5"
香港城市大学多媒体资讯科技理学硕士,"重庆大学, 安全工程, 已毕业，GPA3.61，雅思6.5"
香港科技大学环境工程与管理理学硕士,"华中农业大学, 环境工程, 大四，GPA85.57，雅思6.5"
香港科技大学电信学理学硕士,"中国农业大学, 电子信息工程, 大四，GPA3.59，雅思7"
香港中文大学生物医学工程理学硕士,"苏州大学, 生物技术, 大四，GPA82，雅思7"
香港中文大学生物医学工程理学硕士,"华南师范大学, 生物科学（师范）, 三年以上工作经验，GPA3.48，雅思6.5"
香港中文大学生物医学工程理学硕士,"北京航空航天大学, 生物医学工程, 大四，GPA85.5，雅思7.0"
香港理工大学碳中和可持续科技理学硕士,"中山大学, 海洋科学, 已毕业，GPA83，雅思6"
香港理工大学微电子技术与材料理学硕士,"山东大学, 微电子科学与工程, 已毕业，GPA85.33，雅思6.5"
香港理工大学城市信息学及智慧城市理学硕士,"华南师范大学, 地理信息科学, 大四，GPA83.6，雅思6.5"
香港理工大学测绘及地理资讯学理学硕士（地理资讯）,"华南师范大学, 地理信息科学, 大四，GPA83.6，雅思6.5"
香港科技大学集成电路设计工程理学硕士,"南京大学, 微电子科学与工程, 两年工作经验，GPA3.89，雅思6.5"
香港大学工业工程与物流管理理学硕士,"太原理工大学, 物流管理, 已毕业，GPA80.25，雅思:7(L:7/R:8.5/W:6.5/S:6)"
香港大学工业工程与物流管理理学硕士,"华南理工大学, 工业工程专业, 大四，GPA84.43，雅思:6.0(L:6.0/R:6.5/W:5.5/S:5.5)"
香港大学工业工程与物流管理理学硕士,"辽宁大学, 食品科学与工程, 三年以上工作经验，GPA83.87，雅思:6.5(L:6/R:7.5/W:6.5/S:6)"
香港理工大学区块链科技理学硕士,"上海大学, 信息工程, 已毕业，GPA85.53，雅思:6.5(L:7/R:7.5/W:6/S:5.5)"
香港理工大学资讯科技理学硕士,"中国地质大学（武汉）, 计算机科学与技术, 已毕业，GPA3.4，雅思7"
香港城市大学工程管理学理学硕士,"吉林大学, 材料科学与工程, 已毕业，GPA80，六级495"
香港理工大学国际航运及物流管理理学硕士,"上海海事大学, 物流管理, 一年工作经验，GPA87.06，雅思6.5"
香港理工大学环境管理及工程学理学硕士,"广东工业大学, 化学工程与工艺, 已毕业，GPA83.29，雅思6"
香港理工大学人工智能及大数据计算理学硕士,"东南大学, 人工智能, 大四，GPA83.39，雅思7.5"
香港城市大学机械工程学理学硕士,"华南理工大学, 光电信息科学与工程, 已毕业，GPA79.11，雅思6"
香港科技大学智能建筑物技术与管理理学硕士,"中国矿业大学（徐州）, 建筑学, 已毕业，GPA3.48，雅思6.5"
香港理工大学环境管理及工程学理学硕士,"西南民族大学, 环境科学, 一年工作经验，GPA83.77，雅思6"
香港理工大学电机工程学理学硕士,"华北电力大学, 电气工程及其自动化, 两年工作经验，GPA81.5，雅思6.5"
香港城市大学机械工程学理学硕士,"上海交通大学, 船舶与海洋工程, 已毕业，GPA2.97，雅思6.5"
香港城市大学机械工程学理学硕士,"湖南大学, 机械设计制造及其自动化, 大四，GPA82，雅思6.5"
香港浸会大学环境与公共卫生管理理学硕士,"广东工业大学, 化学工程与工艺, 已毕业，GPA83.29，雅思6.0"
香港大学电气与电子工程理学硕士,"上海交通大学, 测控技术与仪器, 大四，GPA79.44，雅思7.0"
香港科技大学工程企业管理理学硕士,"天津大学, 机械设计制造及其自动化, 已毕业，GPA3.05，雅思6.5"
香港科技大学信息技术理学硕士,"华南理工大学, 软件工程, 大四，GPA84.8，雅思6.5"
香港科技大学智能建筑物技术与管理理学硕士,"同济大学, 土木工程, 已毕业，GPA75.17，雅思7.0"
香港科技大学土木基建工程与管理理学硕士,"加州戴维斯大学, 土木工程, 大四，GPA82.7，无语言成绩，GRE324"
香港科技大学智能建筑物技术与管理理学硕士,"河海大学, 港口航道与海岸工程, 已毕业，GPA81.73，雅思6.5"
香港科技大学土木基建工程与管理理学硕士,"武汉大学, 土木工程, 大四，GPA86.18，雅思6.5"
香港城市大学多媒体资讯科技理学硕士,"北京工业大学, 数字媒体技术, 已毕业，GPA86.36，雅思6.5"
香港城市大学电子商贸,"上海财经大学, 电子商务, 大四，GPA80.37，雅思7.0"
香港城市大学电子商贸,"东华大学, 电子商务, 大四，GPA85.6，六级455"
香港科技大学土木基建工程与管理理学硕士,"山东大学, 土木工程, 已毕业，GPA82.88，雅思6.5"
香港大学电气与电子工程理学硕士,"东北大学秦皇岛分校, 通信工程, 大四，GPA88.8，雅思6.5"
香港大学电气与电子工程理学硕士,"南京航空航天大学, 自动化（航空电子与控制）（中外合作办学）, 已毕业，GPA80，雅思7.0"
香港大学计算机科学理学硕士,"University of Massachusetts Boston , 计算机科学, 一年工作经验，GPA3.29，无语言成绩"
香港理工大学资讯科技理学硕士,"湖南大学, 软件工程, 已毕业，GPA80，雅思6.0"
香港中文大学营养、食品科学和技术理学硕士,"华南农业大学, 食品质量与安全, 大四，GPA86.33，雅思6.5，GRE320"
香港中文大学营养、食品科学和技术理学硕士,"华南农业大学, 食品科学与工程, 大四，GPA88，雅思6.5"
香港理工大学测绘及地理资讯学理学硕士（地理资讯）,"中南大学, 遥感科学与技术, 大四，GPA87.8，雅思7.0"
香港城市大学工程管理学理学硕士,"东南大学, 测控技术与仪器, 三年工作经验，GPA84.42，雅思6.0"
香港中文大学计算机科学理学硕士,"同济大学, 软件工程, 大四，GPA88，雅思7.5"
香港大学工业工程与物流管理理学硕士,"河海大学, 港口航道与海岸工程, 已毕业，GPA81.73，雅思6.5"
香港大学电气与电子工程理学硕士,"华北电力大学, 电气工程及其自动化, 两年工作经验，GPA81.5，雅思6.5"
香港城市大学能源及环境理学硕士,"中国地质大学, 环境科学与工程, 大四，GPA84.13，雅思7.0"
香港城市大学能源及环境理学硕士,"复旦大学, 高分子材料与工程, 已毕业，GPA2.85，雅思6.5"
香港理工大学电机工程学理学硕士,"北京理工大学, 电气工程及其自动化, 已毕业，GPA75，雅思6.5"
香港中文大学信息工程理学硕士,"华南理工大学, 自动化, 大四，GPA83，雅思7.0"
香港中文大学信息工程理学硕士,"华南理工大学, 软件工程, 大四，GPA84.8，雅思6.5"
香港理工大学电机工程学理学硕士,"上海工程技术大学, 电气工程及其自动化, 大四，GPA86.5，雅思6.5"
香港理工大学资讯科技理学硕士,"合肥工业大学, 计算机科学与技术, 一年工作经验，GPA83.89，雅思6.0"
香港理工大学资讯科技理学硕士,"University of Massachusetts Boston , 计算机科学, 一年工作经验，GPA3.29，无语言成绩"
香港大学土木工程（岩土工程方向）,"长安大学, 土木工程, 大四，GPA3.46，雅思6.5"
香港大学土木工程理学硕士（通用方向）,"加州戴维斯大学, 土木工程, 大四，GPA3.27，无语言成绩"
香港城市大学工程管理学理学硕士,"上海交通大学, 船舶与海洋工程 , 已毕业，GPA3.15，雅思7.0"
香港科技大学电子工程理学硕士,"北京理工大学, 机械电子工程, 已毕业，GPA80.33，雅思7.0"
香港科技大学电子工程理学硕士,"中山大学, 微电子科学与工程, 大四，GPA3.6，托福91"
香港大学工业工程与物流管理理学硕士,"湖南大学, 国际经济与贸易, 大四，GPA84.43，雅思6.5，GRE320"
香港大学工业工程与物流管理理学硕士,"上海海事大学, 大四，GPA88，雅思6.5"
香港大学工业工程与物流管理理学硕士,"同济大学, 机械电子工程, 大四，GPA83.46，雅思6.5"
香港大学工业工程与物流管理理学硕士,"中南大学, 机械设计制造及其自动化, 大四，GPA84.5，雅思6.5"
香港大学工业工程与物流管理理学硕士,"中国海洋大学, 物流管理, 大四，GPA81.45，雅思6.0"
香港大学工业工程与物流管理理学硕士,"上海交通大学, 船舶与海洋工程 , 已毕业，GPA3.15，雅思7.0"
香港科技大学环境工程与管理理学硕士,"华中科技大学, 给排水科学与工程, 大四，GPA3.55，雅思:6.5(L:6/R:8.5/W:6/S:5.5)"
香港大学电气与电子工程理学硕士,"南京农业大学, 自动化, 大四，GPA88.69，雅思7.0"
香港科技大学工程企业管理理学硕士,"重庆大学, 土木工程, 大四，GPA3.28，雅思6.5"
香港科技大学智能建筑物技术与管理理学硕士,"武汉大学, 土木工程, 大四，GPA86.18，雅思6.5"
香港科技大学大数据科技理学硕士,"同济大学, 软件工程, 大四，GPA88，雅思7.5"
香港科技大学大数据科技理学硕士,"复旦大学, 计算机科学与技术, 大四，GPA85，雅思6.5"
香港大学电气与电子工程理学硕士,"华北电力大学, 电气工程及其自动化, 大四，GPA86.47，雅思7.0"
香港理工大学国际航运及物流管理理学硕士,"上海海事大学, 物流管理, 大四，GPA86，雅思7.0"
香港科技大学大数据科技理学硕士,"北京理工大学, 计算机科学与技术, 大四，GPA86.54，雅思7.5"
香港科技大学智能建筑物技术与管理理学硕士,"山东大学, 土木工程, 已毕业，GPA82.88，雅思6.5"
香港大学电气与电子工程理学硕士,"吉林大学, 微电子科学与工程, 大四，GPA82.04，雅思6.5"
香港理工大学区块链科技理学硕士,"新南威尔士大学, 计算机, 大四，GPA3.0，免语言成绩"
香港大学电气与电子工程理学硕士,"华南理工大学, 自动化, 大四，GPA3.45，雅思7.0"
香港城市大学工程管理学理学硕士,"加州戴维斯大学, 土木工程, 大四，GPA3.27，无语言成绩"
香港大学电气与电子工程理学硕士,"山东大学（威海）, 电子信息工程, 大四，GPA82.66，雅思7.0"
香港大学电气与电子工程理学硕士,"南京理工大学, 通信工程, 大四，GPA3.15，雅思7.0"
香港大学电气与电子工程理学硕士,"重庆大学, 电气工程, 大四，GPA86.92，托福83"
香港大学食品安全和毒理学理学硕士,"华南农业大学, 食品质量与安全, 大四，GPA86，雅思6.5"
香港科技大学信息技术理学硕士,"同济大学, 软件工程, 大四，GPA89.01，雅思6.5"
香港科技大学信息技术理学硕士,"浙江大学, 计算机科学与技术, 大四，GPA87.52，托福83"
香港理工大学国际航运及物流管理理学硕士,"上海海事大学, 交通管理, 大四，GPA87.6，雅思6.5"
香港城市大学多媒体资讯科技理学硕士,"南京理工大学, 计算机科学与技术, 已毕业，GPA83.3，雅思:6.5(L:6.5/R:7.0/W:6.0/S:5.5)"
香港理工大学国际航运及物流管理理学硕士,"上海海事大学, 交通管理, 大四，GPA84.4，雅思6.5"
香港理工大学国际航运及物流管理理学硕士,"上海海事大学, 交通管理, 大四，GPA3.6，雅思6.5"
香港大学食品安全和毒理学理学硕士,"华南农业大学, 食品科学与工程, 大四，GPA88.35，雅思6.5"
香港大学机械工程理学硕士,"华南理工大学, 机械工程, 大四，GPA3.51，雅思6.5"
香港科技大学机械工程理学硕士,"华南理工大学, 机械工程, 大四，GPA3.51，雅思6.5"
香港中文大学计算机科学理学硕士,"武汉大学, 网络空间安全, 大四，GPA86.79，雅思7.0"
香港科技大学集成电路设计工程理学硕士,"南京理工大学, 通信工程, 大四，GPA3.15，雅思7.0"
香港科技大学集成电路设计工程理学硕士,"吉林大学, 微电子科学与工程, 大四，GPA82.04，雅思6.5"
香港科技大学集成电路设计工程理学硕士,"中山大学, 微电子科学与工程, 大四，GPA3.6，托福91"
香港理工大学工业物流系统理学硕士,"上海财经大学, 电子商务, 大四，GPA3.1，雅思7.0"
香港科技大学工程企业管理理学硕士,"北京理工大学, 工业工程, 大四，GPA84.28，托福102"
香港理工大学电子及资讯工程学理学硕士,"东南大学, 测控技术与仪器, 两年工作经验，GPA79，雅思6.5"
香港理工大学电子及资讯工程学理学硕士,"中国科学院大学, 电子信息工程, 已毕业，GPA3.55，雅思7.0"
香港理工大学电子及资讯工程学理学硕士,"西安电子科技大学, 电气工程及其自动化, 已毕业，GPA78，雅思6.0"
香港中文大学电子商务与物流技术理学硕士,"东华大学, 电子商务, 大四，GPA89.3，雅思7.0"
香港科技大学电信学理学硕士,"南京理工大学, 通信工程, 大四，GPA3.15，雅思7.0"
香港理工大学机械工程理学硕士,"华南理工大学, 过程装备与控制工程, 大四，GPA2.98，雅思6.5"
香港城市大学土木与建筑工程理学硕士,"加州戴维斯大学, 土木工程, 大四，GPA3.27，无语言成绩"
香港科技大学电信学理学硕士,"吉林大学, 微电子科学与工程, 大四，GPA82.04，雅思6.5"
香港科技大学集成电路设计工程理学硕士,"南京理工大学, 电子信息类, 已毕业，GPA84.07，雅思6.5"
香港大学土木工程理学硕士（通用方向）,"中国农业大学, 土木工程（辅修计算机）, 已毕业，GPA3.42，雅思6.5"
香港大学工业工程与物流管理理学硕士,"中南财经政法大学, 贸易经济, 两年工作经验，GPA84.18，雅思6.5"
香港中文大学计算机科学理学硕士,"山东大学（威海）, 数字媒体技术, 大四，GPA86.75，雅思6.5"
香港理工大学电子及资讯工程学理学硕士,"山东大学（威海）, 应用物理学, 大四，GPA83.41，雅思:6.5(L:6.5/R:6.5/W:6.5/S:7.0)"
香港科技大学航空工程理学硕士,"东北大学秦皇岛分校, 车辆工程, 已毕业，GPA2.77，雅思6.5"
香港理工大学电子及资讯工程学理学硕士,"山东大学（威海）, 电子信息工程, 大四，GPA82.66，雅思7.0"
香港科技大学电信学理学硕士,"山东大学（威海）, 电子信息工程, 大四，GPA82.66，雅思7.0"
香港理工大学资讯科技理学硕士,"南京理工大学, 计算机科学与技术, 已毕业，GPA3.29，雅思6.5"
香港科技大学电信学理学硕士,"北京邮电大学, 电信工程及管理, 大四，GPA86，雅思7.0"
香港大学计算机科学理学硕士（多媒体计算方向）,"北京邮电大学, 电信工程及管理, 大四，GPA86，雅思7.0"
香港科技大学电信学理学硕士,"中山大学, 微电子科学与工程, 大四，GPA3.6，托福91"
香港大学土木工程工学硕士（环境工程方向）,"华中科技大学, 给排水科学与工程, 大四，GPA3.55，雅思:6.5(L:6/R:8.5/W:6/S:5.5)"
香港大学土木工程理学硕士（通用方向）,"吉林大学, 道路桥梁与渡河工程, 大四，GPA86.08，雅思6.0"
香港理工大学人工智能及大数据计算理学硕士,"南京大学, 计算机科学与技术, 已毕业，GPA3.79，托福109，GRE319"
香港理工大学资讯科技理学硕士,"中国人民大学, 计算机科学与技术, 已毕业，GPA80.03，雅思7.0"
香港大学工业工程与物流管理理学硕士,"上海交通大学, 交通运输, 大四，GPA80.16，雅思7.0"
香港科技大学电信学理学硕士,"南京理工大学, 电子信息类, 已毕业，GPA84.07，雅思6.5"
香港科技大学电信学理学硕士,"北京邮电大学, 通信工程, 大四，GPA89.15，雅思7.0"
香港大学工业工程与物流管理理学硕士,"北京交通大学, 交通运输, 大四，GPA86.5，雅思6.5"
香港大学工业工程与物流管理理学硕士,"上海海事大学, 交通管理, 大四，GPA87.6，雅思6.5"
香港理工大学区块链科技理学硕士,"中国人民大学, 计算机科学与技术, 已毕业，GPA80.03，雅思7.0"
香港理工大学民用航空工程学理学硕士,"南京航空航天大学, 交通运输（民航机务工程、民航维修工程）, 已毕业，GPA3.1，雅思6.0"
香港中文大学电子工程理学硕士,"华南理工大学, 自动化, 大四，GPA3.44，雅思7.0"
香港理工大学民用航空工程学理学硕士,"东北大学秦皇岛分校, 车辆工程, 已毕业，GPA2.77，雅思6.5"
香港中文大学电子工程理学硕士,"东北大学秦皇岛分校, 自动化, 两年工作经验，GPA3.92，托福83，GRE315"
香港科技大学智能建筑物技术与管理理学硕士,"四川农业大学, 土木工程, 已毕业，GPA82.32，多邻国130"
香港理工大学工业物流系统理学硕士,"吉林大学, 物流工程, 已毕业，GPA78，雅思6.5"
香港中文大学信息工程理学硕士,"北京邮电大学, 通信工程, 大四，GPA89.15，雅思7.0"
香港中文大学信息工程理学硕士,"山东大学（威海）, 通信工程, 已毕业，GPA3.47，雅思7.0"
香港城市大学工程管理学理学硕士,"同济大学, 机械电子工程, 大四，GPA83.46，雅思6.5"
香港科技大学化学与能源工程理学硕士,"安徽大学, 已毕业，GPA81.74，雅思7.0"
香港科技大学信息技术理学硕士,"特拉华大学, 计算机, 已毕业，GPA3.63，免语言成绩"
香港大学工业工程与物流管理理学硕士,"同济大学, 工业工程, 大四，GPA88，雅思7.0"
香港大学工业工程与物流管理理学硕士,"上海海事大学, 经济学（海运与物流经济）, 大四，GPA85，雅思7.0"
香港大学工业工程与物流管理理学硕士,"北京交通大学, 交通运输, 大四，GPA83.3，雅思7.5"
香港大学工业工程与物流管理理学硕士,"东南大学, 测控技术与仪器, 三年工作经验，GPA84.42，雅思6.0"
香港科技大学信息技术理学硕士,"山东大学（威海）, 计算机科学与技术, 大四，GPA89.01，雅思6.5"
香港理工大学环境管理及工程学理学硕士,"华中农业大学, 环境工程, 大四，GPA3.36，雅思6.5"
香港理工大学机械工程理学硕士,"南京理工大学, 材料科学与工程, 已毕业，GPA2.61，雅思6.0"
香港理工大学环境管理及工程学理学硕士,"香港教育大学, 环境, 大四，GPA3.33，雅思7.0"
香港理工大学机械工程理学硕士,"东北大学秦皇岛分校, 车辆工程, 已毕业，GPA2.77，雅思6.5"
香港理工大学机械工程理学硕士,"南京航空航天大学, 交通运输（民航机务工程、民航维修工程）, 已毕业，GPA3.1，雅思6.0"
香港理工大学土木工程学理学硕士,"武汉大学, 土木工程, 大四，GPA86.18，雅思6.5"
香港理工大学工业物流系统理学硕士,"上海海事大学, 大四，GPA3.04，雅思7.5"
香港中文大学计算机科学理学硕士,"西安交通大学, 大四，GPA84.22，雅思7.5"
香港科技大学机械工程理学硕士,"东北大学秦皇岛分校, 材料成型及控制工程, 已毕业，GPA86，托福87"
香港中文大学生物医学工程理学硕士,"上海交通大学, 生物医学工程, 大四，GPA77.04，托福85"
香港大学土木工程理学硕士（通用方向）,"山东大学, 土木工程, 已毕业，GPA82.88，雅思6.5"
香港科技大学环境健康与安全理学硕士,"华中农业大学, 环境工程, 大四，GPA3.36，雅思6.5"
香港中文大学营养、食品科学和技术理学硕士,"华南师范大学, 生物科学（师范）, 大四，GPA83，雅思6.5"
香港大学土木工程（通用方向）,"武汉大学, 土木工程, 大四，GPA3.59，雅思6.5"
香港科技大学工程企业管理理学硕士,"天津大学, 土木工程, 大四，GPA3.51，雅思7.0"
香港中文大学信息工程理学硕士,"山东大学（威海）, 电子信息工程, 大四，GPA82.66，雅思7.0"
香港中文大学生物化学及生物医学科学理学硕士,"重庆科技学院, 化学, 大四，GPA3.81，雅思7.0"
香港中文大学生物化学及生物医学科学理学硕士,"华南师范大学, 生物师范, 大四，GPA3.65，雅思7.5"
香港中文大学地理信息科学与智慧城市理学硕士,"大连理工大学, 城规, 大四，GPA84.9，雅思6.5"
香港理工大学工程商业管理理学硕士,"科廷大学新加坡校区, management, 已毕业，GPA68.17，托福112，GRE334"
香港中文大学系统工程与工程管理理学硕士,"苏州大学, 大四，GPA84，雅思7.0"
香港中文大学系统工程与工程管理理学硕士,"西北工业大学, 材料成型及控制工程, 已毕业，GPA81.65，雅思7.0"
香港中文大学系统工程与工程管理理学硕士,"武汉大学, 土木工程, 大四，GPA3.59，雅思6.5"
香港中文大学系统工程与工程管理理学硕士,"天津大学, 土木工程, 大四，GPA3.51，雅思7.0"
香港中文大学系统工程与工程管理理学硕士,"东北师范大学, 已毕业，GPA87，雅思7.5"
香港中文大学电子工程理学硕士,"中南大学, 机械设计制造及其自动化, 大四，GPA84.5，雅思6.5"
香港理工大学工程商业管理理学硕士,"湖南大学, 财务管理（金融工程）, 一年工作经验，GPA3.12，雅思6.5"
香港中文大学生物化学及生物医学科学理学硕士,"北京林业大学, 生物技术, 已毕业，GPA85.07，雅思6.5"
香港科技大学环境健康与安全理学硕士,"吉林大学, 环境科学, 已毕业，GPA2.68，雅思6.5"
香港中文大学电子商务与物流技术理学硕士,"同济大学, 工业工程, 大四，GPA88，雅思7.0"
香港科技大学土木基建工程与管理,"同济大学, 土木工程, 大四，GPA79.7，多邻国110"
香港城市大学能源及环境,"深圳大学, 新能源科学与工程, 大四，GPA86.2，雅思6.5"
香港城市大学建造管理,"南京农业大学, 土地资源管理, 已毕业，GPA82.6，多领国110"
香港城市大学工程管理,"上海大学, 测控技术与仪器, 大四，GPA81.23，六级517"
香港理工大学区块链科技,"北京工业大学, 软件工程, 大四，GPA86.61，托福81"
香港科技大学集成电路设计工程,"山东大学, 集成电路设计与集成系统, 大四，GPA78.54，雅思6.5"
香港城市大学工程管理,"深圳大学, 新能源科学与工程, 大四，GPA86.2，雅思6.5"
香港城市大学电子商务,"上海财经大学, 电子商务, 大四，GPA3.1，六级565"
香港中文大学通信工程（CUHKSZ）,"华南理工大学, 自动化, 大四，GPA80.34，雅思6.5"
香港城市大学材料工程与纳米技术,"苏州大学, 高分子材料与工程, 已毕业，GPA85，六级525"
香港城市大学电子资讯工程学,"山东大学, 集成电路设计与集成系统, 大四，GPA78.54，雅思6.5"
香港大学电气与电子工程,"华北电力大学, 电力, 已毕业，GPA89.78，托福95，GRE318"
香港城市大学电子资讯工程学,"北京化工大学, 电子信息工程, 大四，GPA84.34，雅思6.5"
香港科技大学化学工程及生物分子工程学,"以色列理工学院, 化工, 已毕业，GPA76.5，无语言成绩"
香港科技大学环境工程与管理,"河海大学, 给排水科学与工程, 已毕业，GPA80.8，雅思6.5"
香港城市大学多媒体资讯科技,"北京工业大学, 软件工程, 大四，GPA86.61，托福81"
香港大学电子商务与互联网计算,"北京交通大学, 通信工程, 三年工作经验，GPA84.8，雅思6.0"
香港理工大学工程商业管理,"广东外语外贸大学, 国际经济与贸易, 大四，GPA89.92，雅思6.5"
香港理工大学工程商业管理,"加州州立大学, 管理, 已毕业，GPA2.93，免语言成绩"
香港城市大学电子商务,"中南财经政法大学, 电子商务, 大四，GPA83.41，六级470"
香港大学机械工程,"北京航空航天大学, 机械工程, 大四，GPA88，雅思7.5，GRE329"
香港大学空间科学硕士,"上海大学, 物理, 大四，GPA88，雅思6.0"
香港大学运输政策与规划,"上海海事大学, 交通管理, 大四，GPA3.7，托福100"
香港城市大学多媒体资讯科技,"华中科技大学, 软件工程, 三年以上工作经验，GPA81.3，六级489"
香港城市大学多媒体资讯科技,"西安电子科技大学, 信息工程, 大四，GPA82，无语言成绩"
香港科技大学机械工程,"厦门大学, 材料科学, 已毕业，GPA86.17，雅思6.5"
香港城市大学计算机科学,"北京邮电大学, 计算机科学与技术, 大四，GPA85，雅思6.0"
香港城市大学计算机科学,"中山大学, 计算机科学与技术, 已毕业，GPA81，雅思7.0"
香港大学工业工程与物流管理,"东北大学, 工业工程, 大四，GPA3.66，雅思6.5"
香港大学建筑项目管理,"湖南大学, 工程管理, 三年工作经验，GPA82.9，雅思6.5"
香港中文大学机械与自动化工程,"四川大学, 自动化, 已毕业，GPA82，雅思7.0"
香港城市大学能源及环境,"北京师范大学, 资源环境科学, 大四，GPA82.63，雅思7.5"
香港城市大学能源及环境,"中山大学, 海洋科学, 已毕业，GPA81，雅思6.0"
香港城市大学机械工程,"华南理工大学, 能源与动力工程, 大四，GPA75，雅思6.0"
香港城市大学土木与建筑工程理学硕士,"同济大学, 土木工程, 大四，GPA79.7，六级518"
香港理工大学工程商业管理,"对外经济贸易大学, 金融学, 三年以上工作经验，GPA2.85，雅思7.0"
香港大学食品安全和毒理学,"华东师范大学, 生物科学, 大四，GPA3.16，雅思6.5"
香港大学土木工程（环境工程方向）,"华东理工大学, 环境工程, 大四，GPA81.14，雅思6.5"
香港大学人工智能,"湖南大学, 自动化, 已毕业，GPA84，雅思7.5，GRE330"
香港大学人工智能,"上海交通大学, 电气工程及其自动化, 大四，GPA80，雅思6.5"
香港科技大学工程企业管理,"东南大学, 物流管理, 大四，GPA86.29，雅思6.5"
香港科技大学工程企业管理,"吉林大学, 土木工程, 大四，GPA84.05，雅思7.0"
香港科技大学工程企业管理,"天津大学, 工程管理, 大四，GPA86，雅思6.5"
香港城市大学材料工程与纳米技术,"北京科技大学, 材料科学与工程, 大四，GPA84.1，六级495"
香港大学工业工程与物流管理,"南京航空航天大学, 机械工程, 已毕业，GPA76，雅思6.5"
香港科技大学信息技术,"华中科技大学, 计算机, 大四，GPA86，雅思8.0，GRE333"
香港大学土木工程（通用方向）,"东北林业大学, 工程管理, 大四，GPA83.38，多邻国115"
香港大学土木工程（通用方向）,"北京林业大学, 土木工程, 大四，GPA86.81，雅思7.0"
香港城市大学电子资讯工程学,"延边大学, 通信工程, 已毕业，GPA79.58，六级462"
香港城市大学建造管理,"南京林业大学, 风景园林, 两年工作经验，GPA85，六级521"
香港理工大学资讯科技,"郑州大学, 软件工程, 已毕业，GPA3.61，雅思6.0"
香港理工大学资讯科技,"北京工业大学, 软件工程, 已毕业，GPA3.12，雅思6.0"
香港理工大学国际航运及物流管理,"上海海事大学, 交通管理, 大四，GPA86.85，雅思6.5"
香港理工大学资讯科技,"山东大学（威海）, 机械设计制造及其自动化, 已毕业，GPA82.01，雅思7.0"
香港科技大学机械工程,"东北大学, 材料科学与工程, 已毕业，GPA3.4，托福87"
香港大学人工智能,"香港浸会大学, 计算机科学, 大四，GPA83.5，雅思6.5"
香港大学人工智能,"滑铁卢大学, 计算机, 大四，GPA76，免语言成绩"
香港大学工业工程与物流管理,"东南大学, 物流管理, 大四，GPA86.29，雅思6.5"
香港大学食品安全和毒理学,"暨南大学, 食品科学与工程, 大四，GPA86，雅思6.5"
香港中文大学电子商务与物流技术,"东北大学, 工业工程, 大四，GPA3.66，雅思6.5"
香港城市大学能源及环境,"华东理工大学, 环境工程, 大四，GPA81.14，雅思6.5"
香港城市大学多媒体资讯科技,"武汉理工大学, 电子信息工程, 一年工作经验，GPA84.97，雅思6.5"
香港城市大学多媒体资讯科技,"北京工业大学, 软件工程（实验班）, 大四，GPA82，雅思6.5"
香港城市大学能源及环境,"南开大学, 环境科学, 大四，GPA3.39，雅思6.0"
香港城市大学电子资讯工程学,"东北林业大学, 电气工程及其自动化, 大四，GPA85.68，托福113"
香港科技大学化学工程及生物分子工程学,"华南理工大学, 化学工程与工艺, 一年工作经验，GPA3.11，雅思6.5"
香港科技大学化学工程及生物分子工程学,"海南大学, 化学工程与工艺, 已毕业，GPA3.24，雅思6.5"
香港理工大学环境管理及工程学,"山东大学, 生态学, 大四，GPA83.65，雅思6.0"
香港大学机械工程,"华南理工大学, 车辆工程, 三年工作经验，GPA78.61，雅思6.0"
香港理工大学电子与信息工程,"天津大学, 测控技术与仪器, 已毕业，GPA75，雅思6.0"
香港城市大学电子资讯工程学,"大连理工大学, 电气工程及其自动化, 已毕业，GPA81.6，六级473"
香港城市大学电子资讯工程学,"北京林业大学, 电子信息科学与技术, 大四，GPA83.31，雅思7.0"
香港大学电气与电子工程,"华南师范大学, 电子信息科学与技术, 已毕业，GPA82.6，雅思6.0"
香港大学土木工程（通用方向）,"东南大学, 道路桥梁, 一年工作经验，GPA86.4，雅思6.0"
香港大学电气与电子工程,"华南理工大学, 自动化, 大四，GPA80.34，雅思6.5"
香港科技大学工程企业管理,"厦门大学, 化学, 大四，GPA84.18，托福98"
香港大学工业工程与物流管理,"苏州大学, 新能源材料与器件+工商管理, 大四，GPA87，雅思7.0"
香港科技大学工程企业管理,"东北大学, 工业工程, 大四，GPA3.66，雅思6.5"
香港科技大学土木基建工程与管理,"深圳大学, 土木工程, 大四，GPA86.5，雅思6.5"
香港科技大学电子工程,"华南理工大学, 电子科学与技术（卓越班）, 已毕业，GPA80.62，雅思7.0"
香港理工大学工程商业管理,"天津工业大学, 纺织工程+纺织服装管理, 已毕业，GPA3.21，雅思6.5"
香港科技大学集成电路设计工程,"华南理工大学, 电子科学与技术卓越班, 已毕业，GPA80.62，雅思7.0"
香港城市大学多媒体资讯科技,"北京林业大学, 电气工程及其自动化, 已毕业，GPA76.37，雅思6.5"
香港城市大学电子资讯工程学,"海南大学, 通信工程, 一年工作经验，GPA82.81，雅思7.0，GRE314"
香港理工大学生物医学工程,"湖南农业大学, 生物科学, 大四，GPA88.41，雅思6.0"
香港大学电气与电子工程,"华北电力大学, 电气工程及其自动化, 大四，GPA88.94，雅思7.0"
香港科技大学智能建筑物技术与管理,"东北林业大学, 工商管理, 大四，GPA82.54，雅思6.0"
香港城市大学生物医学工程,"北京航空航天大学, 生物医学工程, 大四，GPA3.57，雅思6.5"
香港大学土木工程（环境工程方向）,"大连理工大学, 环境生态工程, 大四，GPA87.7，雅思6.5"
香港科技大学化学工程及生物分子工程学,"广东以色列理工学院, 化学工程与工艺, 大四，GPA87.7，雅思6.5"
香港科技大学集成电路设计工程,"东北大学, 通信工程, 大四，GPA82，雅思6.5"
香港大学机械工程,"香港城市大学, 机械工程, 大四，GPA3.47，雅思6.5"
香港大学计算机科学,"中山大学, 计算机科学与技术, 已毕业，GPA81，雅思7.0"
香港大学计算机科学,"哈尔滨工业大学（威海）, 软件工程, 已毕业，GPA82.36，雅思6.5"
香港理工大学资讯科技,"对外经济贸易大学, 电子商务, 已毕业，GPA82，雅思6.5"
香港科技大学电信学,"清华大学, 电气电子, 大四，GPA3.21，托福92"
香港科技大学电信学,"东北大学, 通信工程, 大四，GPA82，雅思6.5"
香港科技大学电信学,"华南理工大学, 自动化, 大四，GPA3.31，雅思6.5"
香港科技大学电信学,"厦门大学, 电气工程及其自动化, 大四，GPA82.64，雅思6.5"
香港城市大学机械工程,"天津大学, 能源与动力工程, 一年工作经验，GPA3.13，无语言成绩"
香港科技大学电信学,"东北大学秦皇岛分校, 通信, 大四，GPA3.51，雅思6.5"
香港理工大学资讯科技,"暨南大学, 网络工程, 已毕业，GPA82，雅思6.5"
香港科技大学大数据科技,"清华大学, 自动化, 大四，GPA3.1，雅思6.5"
香港中文大学生物化学及生物医学科学,"华东师范大学, 生物科学, 大四，GPA3.44，雅思6.5"
香港大学计算机科学,"滑铁卢大学, 计算机, 大四，GPA76，免语言成绩"
香港中文大学电子商务与物流技术,"对外经济贸易大学, 国际经济与贸易（日语双学位）, 大四，GPA85，托福102，GRE328"
香港中文大学环境信息、健康与公共管理,"中山大学, 地理信息科学, 大四，GPA3.7，雅思6.5"
香港中文大学系统工程与工程管理,"厦门大学, 化学, 大四，GPA84.18，托福98"
香港中文大学营养、食品科学和技术,"华东师范大学, 生物科学, 大四，GPA3.16，雅思6.5"
香港中文大学生物化学及生物医学科学,"华东师范大学, 生物科学, 大四，GPA3.16，雅思6.5"
香港大学计算机科学,"马萨诸塞大学波士顿分校, 计算机, 大四，GPA3.53，免语言成绩"
香港城市大学计算机科学,"澳门科技大学, 计算机技术及其应用, 已毕业，GPA3.71，雅思6.5"
香港城市大学工程管理,"吉林大学, 土木工程, 大四，GPA84.05，六级563"
香港理工大学工程商业管理,"深圳大学, 新能源科学, 大四，GPA85.5，雅思6.0"
香港理工大学工程商业管理,"深圳大学, 新能源科学与工程, 大四，GPA86.2，雅思6.5"
香港大学计算机科学,"复旦大学, 电子, 大四，GPA3.13，托福104，GRE322"
香港大学计算机科学,"河南大学, 计算机, 大四，GPA88.26，免语言成绩"
香港大学计算机科学,"四川大学, 网络安全, 大四，GPA3.62，雅思6.5"
香港大学能源工程,"深圳大学, 新能源科学与工程, 大四，GPA85.2，雅思6.0"
香港大学能源工程,"深圳大学, 新能源科学, 大四，GPA85.5，雅思6.0"
香港大学能源工程,"深圳大学, 新能源科学与工程, 大四，GPA86.2，雅思6.5"
香港科技大学大数据科技,"清华大学, 电气电子, 大四，GPA3.21，托福92"
香港大学电气与电子工程,"南京理工大学, 电子信息, 已毕业，GPA2.86，雅思6.5"
香港大学应用地球科学,"武昌首义学院, 土木工程, 大四，GPA86.78，雅思6.0"
香港大学电气与电子工程,"北京邮电大学, 通信工程, 已毕业，GPA83.36，雅思7.0"
香港科技大学环境工程与管理,"华东理工大学, 环境工程, 大四，GPA81.15，雅思6.5"
香港科技大学环境工程与管理,"大连理工大学, 环境生态工程, 大四，GPA87.7，雅思6.5"
香港科技大学环境工程与管理,"西南交通大学, 环境工程, 大四，GPA87.12，雅思7.0"
香港大学电气与电子工程,"吉林大学, 电子信息科学与技术, 大四，GPA88.01，雅思6.5"
香港大学土木工程（通用方向）,"东南大学, 交通工程, 大四，GPA3.39，雅思7.0"
香港大学电气与电子工程,"华南师范大学, 光电信息科学与工程, 已毕业，GPA3.21，雅思6.0"
香港理工大学工程商业管理,"同济大学, 土木工程, 三年以上工作经验，GPA75，雅思7.5"
香港理工大学工程商业管理,"吉林大学, 生物制药（商务英语双学位）, 一年工作经验，GPA77.89，雅思7.0"
香港大学电气与电子工程,"华北电力大学, 电气工程及其自动化, 三年以上工作经验，GPA86.56，雅思6.5"
香港理工大学工程商业管理,"南京航空航天大学, 机械工程, 已毕业，GPA76，雅思6.5"
香港理工大学工程商业管理,"北京交通大学, 工程管理, 大四，GPA78，雅思7.0"
香港城市大学生物医学工程,"北京林业大学, 生物工程, 一年工作经验，GPA72.02，雅思6.5"
香港理工大学生物医学工程,"北京林业大学, 生物工程, 一年工作经验，GPA72.02，雅思6.5"
香港中文大学信息工程,"对外经济贸易大学, 信息管理与信息系统专业, 大四，GPA85.92，雅思7.5，GRE314"
香港科技大学机械工程,"香港城市大学, 机械工程, 大四，GPA3.47，雅思6.5"
香港大学工业工程与物流管理,"吉林大学, 工程管理, 大四，GPA84.47，雅思6.5"
香港大学工业工程与物流管理,"华东理工大学, 工程管理, 两年工作经验，GPA3.2，雅思6.5"
香港理工大学机械工程,"东华大学, 机械, 大四，GPA77.41，雅思6.0"
香港大学工业工程与物流管理,"上海海事大学, 物流管理, 大四，GPA85.89，雅思7.5"
香港科技大学工程企业管理,"天津大学, 工程管理, 一年工作经验，GPA3.53，雅思7.0"
香港理工大学机械工程,"华南理工大学, 车辆工程, 三年工作经验，GPA78.61，雅思6"
香港科技大学工程企业管理,"重庆大学, 工程管理, 已毕业，GPA84，托福92"
香港大学工业工程与物流管理,"西南交通大学, 交通工程, 大四，GPA81.75，雅思6.5"
香港理工大学资讯科技,"华东师范大学, 软件工程, 已毕业，GPA78.69，雅思6.0"
香港大学电气与电子工程,"海南大学, 通信工程, 一年工作经验，GPA82.81，雅思7"
香港科技大学环境科学与管理,"北京林业大学, 野生动物自然保护区, 大四，GPA92.78，雅思7"
香港理工大学电子与信息工程,"东华大学, 自动化, 大四，GPA81，雅思:6.0(L:7.5/R:5.5/W:6.0/S:5.5) 托福:，GRE: GMAT:"
香港大学创新设计与技术,"暨南大学, 自动化, 大四，GPA80.6，雅思6.5"
香港大学电气与电子工程,"华南理工大学, 电子科学与技术卓越班, 已毕业，GPA80.62，雅思7"
香港中文大学系统工程与工程管理,"北京林业大学, 土木工程, 大四，GPA86.81，雅思7"
香港中文大学系统工程与工程管理,"苏州大学, 新能源材料与器件+工商管理, 大四，GPA87，雅思7"
香港中文大学信息工程,"滑铁卢大学, 计算机, 大四，GPA76"
香港中文大学系统工程与工程管理,"武汉大学, 土木工程, 大四，GPA3.59，雅思6.5"
香港中文大学系统工程与工程管理,"大连理工大学, 车辆制造, 已毕业，GPA82.8，雅思6.5"
香港中文大学机械与自动化工程,"暨南大学, 自动化, 大四，GPA80.6，雅思6.5"
香港中文大学地理信息科学与智慧城市,"中山大学, 地理信息科学, 大四，GPA3.7，雅思6.5"
香港中文大学信息工程,"北京航空航天大学, 大四，GPA3.69，托福96"
香港中文大学电子商务与物流技术,"哈尔滨工业大学, 工业工程, 已毕业，GPA81.07，雅思7"
香港理工大学工业物流系统,"上海海事大学, 交通管理（新国航）, 已毕业，GPA82.1，雅思6.5"
香港科技大学智能建筑物技术与管理,"天津大学, 工程管理, 大四，GPA3.69，雅思:7.0(L:6.5/R:8.0/W:7.0/S:6.0)"
香港科技大学智能建筑物技术与管理,"北京林业大学, 土木工程, 大四，GPA86.81，雅思7"
香港理工大学土木工程,"深圳大学, 土木工程, 大四，GPA86.5，雅思6.5"
香港科技大学大数据科技,"武汉大学, 信息管理与信息系统, 大四，GPA3.76，雅思7.0"
香港科技大学智能建筑物技术与管理,"中国矿业大学（徐州）, 建筑学, 大四，GPA84，雅思6.5"
香港理工大学电子与信息工程,"北京邮电大学, 应用物理, 已毕业，GPA76.2，雅思6.5"
香港科技大学环境健康和安全,"西南交通大学, 环境工程, 大四，GPA87.12，雅思7"
香港大学工业工程与物流管理,"北京工业大学, 信息管理与信息系统, 已毕业，GPA85.56，雅思6"
香港理工大学电子与信息工程,"杭州电子科技大学, 电子信息工程, 已毕业，GPA3.82，雅思6.5"
香港科技大学环境健康和安全,"江南大学, 环境工程, 大四，GPA84.12，雅思6.5"
香港理工大学电子与信息工程,"中国矿业大学（徐州）, 电子信息工程, 大四，GPA3.41，雅思6.5"
香港理工大学电子与信息工程,"海南大学, 通信工程, 一年工作经验，GPA82.81，雅思7"
香港科技大学电信学,"东北大学, 通信工程, 大四，GPA86，雅思7.5"
香港理工大学电机工程,"哈尔滨工业大学, 电气工程, 其他，GPA75.63，雅思6.5"
香港浸会大学环境与公共卫生管理,"湖南大学, 能源与动力工程, 三年以上工作经验，GPA3.04，雅思6.5"
香港科技大学环境工程与管理,"江南大学, 环境工程, 大四，GPA84.12，雅思6.5"
香港科技大学机械工程,"大连理工大学, 过程装备与控制工程, 大四，GPA86.2，雅思6.5"
香港浸会大学绿色科技（能源）,"常州大学, 过程装备与控制, 大四，GPA77.38，462"
香港浸会大学绿色科技（能源）,"淮阴工学院, 土木工程, 三年以上工作经验，GPA83.57，雅思6"
香港科技大学信息技术,"澳门科技大学, 计算机技术及其应用, 已毕业，GPA3.71，雅思6.5"
香港科技大学电信学,"澳大利亚国立大学, 通信工程, 已毕业，GPA78"
香港科技大学电信学,"华南师范大学, 光电信息科学与工程, 已毕业，GPA3.55，雅思6.5"
香港科技大学电信学,"中国矿业大学（徐州）, 电子信息工程, 大四，GPA3.41，雅思6.5"
香港科技大学信息技术,"北京航空航天大学, 自动化, 一年工作经验，GPA3.63，托福102"
香港科技大学集成电路设计工程,"北京邮电大学, 应用物理, 已毕业，GPA76.2，雅思6.5"
香港科技大学电信学,"北京邮电大学, 应用物理, 已毕业，GPA76.2，雅思6.5"
香港理工大学工程商业管理,"中南大学, 材料科学与工程专业, 两年工作经验，GPA79.84"
香港大学工业工程与物流管理,"南京农业大学, 工业工程, 大四，GPA83.7，托福83"
香港理工大学工业物流系统,"南京农业大学, 工业工程, 应届毕业生，GPA78.82，雅思6.5"
香港科技大学工程企业管理,"天津大学, 工程管理, 大四，GPA3.69，雅思7.0"
香港科技大学电子工程,"澳大利亚国立大学, 通信工程, 已毕业，GPA78"
香港大学电气与电子工程,"北京交通大学, 机械电子工程, 已毕业，GPA85.6，雅思7"
香港科技大学电子工程,"东北大学, 通信工程, 大四，GPA86，雅思7.5"
香港中文大学生物医学工程,"北京化工大学, 生物医学工程, 已毕业，GPA3.09，雅思6.5"
香港中文大学计算机科学,"南京大学, 计算机科学与技术, 一年工作经验，GPA83.6，托福95"
香港中文大学信息工程,"华东师范大学, 计算机, 大四，GPA3.15，雅思6.5"
香港中文大学机械与自动化工程,"北京信息科技大学, 机器人工程, 大四，GPA86.5，雅思:6.5(L:6.5/R:7.5/W:6.0/S:6.0)"
香港中文大学机械与自动化工程,"山东大学（威海）, 机械自动化, 已毕业，GPA3.6，雅思7.0"
香港理工大学工业物流系统,"集美大学, 交通运输, 大四，GPA84.57，雅思6.5"
香港理工大学工程商业管理,"墨尔本大学, 房地产, 一年工作经验，GPA65"
香港中文大学信息工程,"四川大学, 网络安全, 大四，GPA3.62，雅思6.5"
香港中文大学计算机科学,"四川大学, 网络安全, 大四，GPA3.62，雅思6.5"
香港科技大学工程企业管理,"武汉大学, 土木工程, 大四，GPA3.59，雅思6.5"
香港中文大学电子工程,"中国矿业大学（徐州）, 电子信息工程, 大四，GPA3.41，雅思6.5"
香港中文大学电子工程,"华北电力大学, 电气工程及其自动化, 大四，GPA88.94，雅思7"
香港中文大学机械与自动化工程,"上海工程技术大学, 材料成型, 大四，GPA3.62，雅思7"
香港科技大学电子工程,"华南师范大学, 光电信息科学与工程, 大四，GPA3.55，雅思6.5"
香港中文大学营养、食品科学和技术,"华中农业大学, 营养食品科学, 大四，GPA83.72，雅思6.5"
香港理工大学工业物流系统,"上海海事大学, 物流管理, 大四，GPA85.89，雅思7.5"
香港理工大学工业物流系统,"北京工业大学, 信息管理与信息系统, 已毕业，GPA85.56，雅思6"
香港理工大学工业物流系统,"燕山大学, 工业工程（科廷大学双学位）, 大四，GPA86.48，雅思6.5"
香港中文大学系统工程与工程管理,"南京农业大学, 工业工程, 大四，GPA83.7，托福83"
香港中文大学电子商务与物流技术,"南京农业大学, 工业工程, 大四，GPA83.7，托福83"
香港科技大学大数据科技,"四川大学, 网络安全, 大四，GPA3.62，雅思6.5"
香港中文大学系统工程与工程管理,"华东理工大学, 工程管理, 2年工作经验，GPA3.2，雅思6.5"
香港中文大学电子商务与物流技术,"华东理工大学, 工程管理, 2年工作经验，GPA3.2，雅思6.5"
香港中文大学电子商务与物流技术,"东北师范大学, 供应链管理, 大四，GPA87.75，雅思6.5"
香港理工大学工程商业管理,"成都理工大学, 投资学, 应届毕业生，GPA82.6"
香港科技大学航空工程,"吉林大学, 车辆工程, 大四，GPA81"
香港城市大学能源及环境,"以色列理工学院, 化学工程, 毕业，GPA71.8"
香港理工大学环境管理及工程学,"中山大学, 海洋科学, 已毕业，GPA77，雅思6.0"
香港城市大学生物医学工程,"海南大学, 生物科学, 一年工作经验，GPA87.03"
香港理工大学城市信息学及智慧城市理学硕士,"华南师范大学, 地理信息系统, 工作七年，GPA83.83，雅思6.5"
香港理工大学工业物流系统硕士,"宁波大学, 物流管理, 毕业，GPA3.13，雅思7.0"
香港大学能源工程硕士,"苏州大学, 能源与动力工程, 大四，GPA82，雅思6.5"
香港城市大学电子资讯工程学硕士,"武汉理工大学, 系统控制, 大四，GPA77.5，雅思6.0"
香港城市大学电子资讯工程学硕士,"北京交通大学, 通信工程, 大四，GPA83，雅思6.5"
香港科技大学电信学硕士,"中山大学, 通信工程, 毕业，GPA3.3，雅思6.5"
香港中文大学系统工程与工程管理硕士,"东南大学, 交通工程 , 工作快4年，GPA84.25，雅思6.5"
香港城市大学电子资讯工程学硕士,"北京林业大学, 电子信息科学与技术, 大四，GPA83.6，雅思6.5"
香港中文大学系统工程与工程管理硕士,"苏州大学, 通信工程辅修国际经济贸易, 3年工作经验，GPA3.6，雅思6.5"
香港城市大学电子资讯工程学硕士,"西南大学, 自动化, 大四，GPA86.17，雅思7"
香港中文大学系统工程与工程管理硕士,"中国矿业大学（徐州）, 金融, 大四，GPA4.0，雅思6.5"
香港城市大学多媒体资讯科技硕士,"中山大学, 通信工程, 大四，GPA3.1，托福88"
香港大学机械工程硕士,"苏州大学, 能源与动力工程, 大四，GPA82，雅思6.5"
香港城市大学电子资讯工程学,"南京理工大学, 电子信息, 大四，GPA2.86，雅思6.5"
香港大学计算机科学硕士,"大连海事大学, 软件工程日语强化, 3年工作经验，GPA83，雅思6.5"
香港城市大学生物医学工程硕士,"西安交通大学, 生物医学工程, 毕业1年，GPA77.82"
香港大学应用地球科学硕士,"北京联合大学, 城规和人文地理, 两年工作经验，GPA3.56，雅思6.5"
香港大学机械工程硕士,"东北大学秦皇岛分校, 车辆工程, 工作1年半，GPA3.4，雅思6"
香港科技大学工程企业管理硕士,"湖南大学, 工业工程, 大四，GPA85.82，雅思7"
香港科技大学电信学硕士,"南京农业大学, 电气电子, 大四，GPA3.76，雅思6.0"
香港理工大学机械工程硕士,"东北大学秦皇岛分校, 车辆工程, 工作1年，GPA3.4，雅思6"
香港科技大学电信学硕士,"华中科技大学, 电子信息工程, 毕业大半年，做科研，GPA77.5，托福80"
香港科技大学智能建筑物技术与管理硕士,"大连理工大学, 建筑, 大四，GPA86.5，雅思7.0"
香港大学工业工程与物流管理硕士,"华南理工大学, 物流工程, 大四，GPA3.32，雅思6.5"
香港城市大学电子资讯工程学硕士,"华中科技大学, 电子信息工程, 毕业大半年，GPA77.5，托福80"
香港理工大学测绘及地理资讯学-地理资讯硕士,"华南师范大学, 地理信息系统, 大四，GPA83.83，雅思6.5"
香港大学电气与电子工程硕士,"北京交通大学, 通信工程, 大四，GPA83，雅思6.5"
香港中文大学系统工程与工程管理硕士,"哈尔滨工业大学（威海）, 机械设计制造及其自动化, 大四，GPA86.48，雅思6.5"
香港大学工业工程与物流管理硕士,"中国海洋大学, 物流管理, 大四，GPA85.7，雅思6.0"
香港中文大学电子商务与物流技术硕士,"南开大学, 工业工程, 毕业一年，GPA86，雅思7.0"
香港城市大学生物医学工程硕士,"以色列理工学院, 化学工程, 大四，GPA71.8"
香港中文大学营养、食品科学和技术硕士,"南京工业大学, 轻化工程, 大四，GPA86.59，雅思6.5"
香港理工大学资讯科技硕士,"华中科技大学, 电子信息工程, 毕业半年，GPA77.5，托福80"
香港中文大学计算机科学硕士,"同济大学, 信息安全, 工作半年，GPA82.46，托福98"
香港理工大学环境管理及工程学硕士,"南京工业大学, 轻化工程, 大四，GPA86.59，雅思6.5"
香港大学电气与电子工程硕士,"南京理工大学, 电子信息, 大四，GPA2.86，雅思6.5"
香港中文大学电子商务与物流技术硕士,"华南理工大学, 物流工程, 大四，GPA3.32，雅思6.5"
香港中文大学电子商务与物流技术硕士,"西安交通大学, 工商管理, 已毕业，GPA82.8，雅思6.5"
香港大学交通工程,"东南大学, 交通工程 , 工作快4年，GPA84.25，雅思6.5"
香港大学工业工程与物流管理硕士,"北京科技大学, 物流工程, 大四，GPA77.6，雅思6.5"
香港理工大学电机工程硕士,"武汉理工大学, 系统控制, 工作，GPA77.5，雅思6.0"
香港大学工业工程与物流管理硕士,"南开大学, 工业工程, 1年工作经验，GPA86，雅思7.0"
香港大学电气与电子工程硕士,"西南大学, 自动化, 大四，GPA86.17，雅思7"
香港城市大学电子资讯工程学硕士,"北京化工大学, 自动化, 大四，GPA83.23，雅思6.5"
香港大学电气与电子工程硕士,"天津大学, 电气工程及其自动化, 大四，GPA88.59，雅思7"
香港大学工业工程与物流管理硕士,"湖南大学, 工业工程, 大四，GPA85.82，雅思7"
香港理工大学工业物流系统硕士,"中国海洋大学, 物流管理, 大四，GPA85.7，雅思6.0"
香港科技大学机械工程硕士,"西北工业大学, 飞行器制造工程, 大四，GPA87.44，托福101，GRE325"
香港科技大学航空工程硕士,"西北工业大学, 飞行器制造工程, 大四，GPA87.44，托福101，GRE325"
香港理工大学资讯科技硕士,"大连理工大学, 软件工程, 大四，GPA73，雅思6.5"
香港城市大学能源及环境硕士,"南京工业大学, 轻化工程, 大四，GPA86.59，雅思6.5"
香港大学电气与电子工程硕士,"武汉大学, 电子信息, 2年工作经验，GPA80，雅思6.0"
香港大学工业工程与物流管理硕士,"北京林业大学, 电气工程自动化, 大四，GPA89.03，雅思7.0"
香港科技大学电信学硕士,"西南大学, 自动化, 大四，GPA84.68，雅思7"
香港大学能源工程硕士,"华南理工大学, 能源化学工程, 大四，GPA3.53，雅思6"
香港大学电气与电子工程硕士,"西南大学, 自动化, 大四，GPA84.68，雅思7"
香港城市大学多媒体资讯科技硕士,"重庆邮电大学, 自动化, 大四，GPA78.94，雅思6.5"
香港城市大学电子资讯工程学硕士,"重庆邮电大学, 自动化, 大四，GPA78.94，雅思6.5"
香港城市大学多媒体资讯科技硕士,"西安科技大学, 电子科学与技术, 两年工作经验，GPA81"
香港城市大学电子资讯工程学硕士,"西安科技大学, 电子科学与技术, 两年工作经验，GPA81"
香港城市大学能源及环境硕士,"北京科技大学, 建筑环境与能源应用工程, 大四，GPA3.0，雅思6.5"
香港中文大学电子工程硕士,"南京农业大学, 电气电子, 大四，GPA85.55，雅思6.5"
香港中文大学系统工程与工程管理硕士,"华东理工大学, 工程管理, 大四，GPA87.6，雅思7.5，GRE325"
香港大学电气与电子工程硕士,"北京林业大学, 电气工程自动化, 大四，GPA89.03，雅思7.0"
香港城市大学能源及环境硕士,"浙江工业大学, 环境工程, 大四，GPA3.83，雅思7.0"
香港中文大学系统工程与工程管理硕士,"华北电力大学, 工程管理, 大四，GPA84.26，雅思6.5"
香港中文大学系统工程与工程管理硕士,"郑州大学, 金融数学, 大四，GPA84.75，雅思7，GMAT660"
香港中文大学系统工程与工程管理硕士,"北京林业大学, 电气工程自动化, 大四，GPA89.03，雅思7.0"
香港城市大学计算机科学硕士,"新疆大学, 软件工程, 大四，GPA3.55，雅思6.5"
香港浸会大学绿色科技（能源）硕士,"南京工业大学, 轻化工程, 大四，GPA86.59，雅思6.5"
香港城市大学工程管理硕士,"华北电力大学, 工程管理, 大四，GPA84.26，雅思6.5"
香港城市大学电子商务硕士,"北京理工大学, 工商管理, 一年工作经验，GPA88.21，雅思6.5"
香港科技大学集成电路设计工程硕士,"西南大学, 自动化, 大四，GPA84.68，雅思7"
香港理工大学资讯科技硕士,"重庆邮电大学, 软件工程（3+1）, 大四，GPA3.5，雅思6.5"
香港科技大学大数据科技硕士,"西南财经大学, 工商管理+金融（辅修）+北大两年软件工程, 毕业半年，GPA3.7，托福97，GRE320"
香港城市大学多媒体资讯科技硕士,"大连理工大学, 软件工程, 大四，GPA73，雅思6.5"
香港理工大学土木工程硕士,"中南大学, 土木工程, 大五，GPA80，雅思7"
香港理工大学电子与信息工程硕士,"重庆大学, 自动化, 毕业，GPA78.31"
香港大学基础设施项目管理硕士,"重庆大学, 工程管理, 工作一年，GPA81，雅思6.0"
香港中文大学生物医学工程硕士,"华南农业大学, 生物工程, 已毕业，GPA87，雅思6.5"
香港中文大学系统工程与工程管理硕士,"南昌大学, 工业工程, 大四，GPA88，雅思6.5"
香港科技大学航空工程硕士,"东北林业大学, 车辆工程, 大四，GPA85.12，雅思6.5"
香港科技大学智能建筑物技术与管理硕士,"北京科技大学, 建筑环境与能源应用工程, 大四，GPA3.0，雅思6.5"
香港大学机械工程硕士,"东北林业大学, 车辆工程, 大四，GPA85.12，雅思6.5"
香港中文大学系统工程与工程管理硕士,"北京理工大学, 工商管理, 一年工作经验，GPA88.21，雅思6.5"
香港中文大学电子工程硕士,"西南大学, 自动化, 大四，GPA84.68，雅思7"
香港城市大学电子资讯工程学硕士,"西南大学, 自动化, 大四，GPA84.68，雅思7"
香港理工大学工程商业管理硕士,"成都理工大学, 投资学, 大四，GPA85.1，雅思7"
香港中文大学系统工程与工程管理硕士,"中南大学, 电子商务, 3年工作经验，GPA82.74，托福93"
香港中文大学系统工程与工程管理硕士,"大连理工大学, 建筑学, 大四，GPA88.9，雅思7.5，GRE318"
香港浸会大学绿色科技（能源）硕士,"河北工业大学, 交通工程, 大四，GPA2.73"
香港科技大学化学工程及生物分子工程学硕士,"华南理工大学, 能源化学工程, 大四，GPA3.53，雅思6"
香港科技大学土木基建工程与管理硕士,"中南大学, 土木工程, 大四，GPA80，雅思7"
香港中文大学生物化学及生物医学硕士,"华南农业大学, 生物工程, 已毕业，GPA87，雅思6.5"
香港大学电气与电子工程硕士,"西南大学, 电子信息工程, 大四，GPA3.37，雅思6"
香港科技大学工程企业管理,"东南大学, 交通工程 , 工作快4年，GPA84.25，雅思6.5"
香港科技大学工程企业管理硕士,"北京理工大学, 工商管理, 一年工作经验，GPA88.21，雅思6.5"
香港理工大学生物医学工程硕士,"中国药科大学, 药物制剂, 已毕业，GPA82"
香港科技大学化学工程及生物分子工程学硕士,"华南农业大学, 生物工程, 大四，GPA87，雅思6.5"
香港理工大学生物医学工程硕士,"华南农业大学, 生物工程, 已毕业，GPA87，雅思6.5"
香港科技大学土木基建工程与管理硕士,"浙江大学, 港口航道与海岸工程, 大四，GPA87.71，托福102"
香港大学岩土工程硕士,"浙江大学, 港口航道与海岸工程, 大四，GPA87.71，托福102"
香港大学电气与电子工程硕士,"北京交通大学, 通信工程, 大四，GPA3.37，雅思6.5"
香港大学电气与电子工程硕士,"南京农业大学, 电气电子, 大四，GPA3.76，雅思6.0"
香港大学电气与电子工程硕士,"南京农业大学, 电气电子, 大四，GPA85.55，雅思6.5"
香港大学电气与电子工程硕士,"中国地质大学（北京）, 电气工程及自动化, 大四，GPA87.05，托福90"
香港科技大学工程企业管理硕士,"大连理工大学, 建筑学, 大四，GPA88.9，雅思7.5，GRE318"
香港理工大学机械工程硕士,"长安大学, 机械工程（筑机方向）, 2年工作经验，GPA3.2，雅思6.0"
香港科技大学工程企业管理硕士,"南昌大学, 工业工程, 大四，GPA88，雅思6.5"
香港科技大学大数据科技硕士,"中山大学, 计算机科学与技术, 半年工作经验，GPA88，雅思6.5"
香港浸会大学环境与公共健康管理硕士,"河北工业大学, 交通工程, 大四，GPA2.73"
香港科技大学智能建筑物技术与管理硕士,"中南大学, 土木工程, 大四，GPA80，雅思7"
香港理工大学工业物流系统硕士,"上海海事大学, 交通管理（国际航运管理，新国航）&英语, 大四，GPA3.4，雅思7.5"
香港科技大学智能建筑物技术与管理硕士,"南京工业大学, 工程管理, 1年工作经验，GPA84.74，托福110"
香港中文大学计算机科学硕士,"澳门科技大学, 软件技术及其应用, 大四，GPA3.7，雅思6.5"
香港中文大学系统工程与工程管理硕士,"北京工业大学, 给排水科学与工程, 两年工作经验，GPA81.39，雅思6.5"
香港中文大学电子商务与物流技术硕士,"北京体育大学, 经济管理, 大四，GPA3.53，雅思6.5"
香港中文大学计算机科学硕士,"湖南大学, 软件工程, 大四，GPA84.34，雅思6.5"
香港中文大学计算机科学硕士,"哈尔滨工业大学（威海）, 软件工程, 大四，GPA82.7，雅思6.5"
香港中文大学电子商务与物流技术硕士,"北京邮电大学, 电子商务及法律, 大四，GPA84，雅思6.5"
香港中文大学计算机科学硕士,"中国海洋大学, 计算机, 大四，GPA85.8，雅思6.5"
香港中文大学系统工程与工程管理硕士,"上海外国语大学, 金融学, 1年工作经历，GPA3.55，雅思7.0"
香港科技大学机械工程硕士,"东北林业大学, 车辆工程, 大四，GPA85.12，雅思6.5"
香港科技大学大数据科技硕士,"澳门科技大学, 软件技术及其应用, 大四，GPA3.7，雅思6.5"
香港科技大学大数据科技硕士,"中国海洋大学, 计算机, 大四，GPA85.8，雅思6.5"
香港科技大学大数据科技硕士,"西南财经大学, 经济统计学（金融统计与风险管理实验班）, 已毕业，GPA86.28，雅思7"
香港科技大学环境健康和安全硕士,"中国人民大学, 环境工程, 应届毕业生，GPA79，雅思7"
香港科技大学机械工程硕士,"悉尼大学, 机械工程（4年制）, 毕业，GPA72"
香港科技大学智能建筑物技术与管理硕士,"中南大学, 建筑环境与能源应用工程专业, 大四，GPA78，雅思6.5"
香港科技大学机械工程硕士,"山东大学（威海）, 机械设计制造及其自动化（中外合作）, 大四，GPA3.8，雅思7.5"
香港科技大学智能建筑物技术与管理硕士,"北京工业大学, 给排水科学与工程, 两年工作经验，GPA81.39，雅思6.5"
香港理工大学工程商业管理硕士,"三明学院, 土木工程, 大四，GPA3.51"
香港城市大学能源及环境硕士,"仲恺农业工程学院, 园林, 大四，GPA3.43，雅思6"
香港科技大学航空工程硕士,"南京航空航天大学, 交通运输（机场运行与管理）, 大四，GPA81，雅思6.5（5.5）"
香港城市大学能源及环境硕士,"以色列理工学院, 化学工程, 大四，GPA72.6"
香港城市大学工程管理硕士,"西南石油大学, 石油工程, 3年工作经验，GPA3.27，雅思6.0"
香港城市大学多媒体资讯科技硕士,"北京邮电大学, 测控技术与仪器, 已毕业，GPA74.68，雅思6.5"
香港城市大学计算机科学硕士,"深圳大学, 物联网工程, 大四，GPA83.6，雅思6.5"
香港大学电气与电子工程硕士,"上海理工大学, 电子电气工程, 毕业，GPA61.75，雅思6.5"
香港大学电气与电子工程硕士,"山东大学, 电子信息工程, 工作3年，GPA86.69，雅思6.0"
香港城市大学计算机科学硕士,"暨南大学, 计算机科学与技术, 大四，GPA80.21，雅思6.0"
香港城市大学建造管理硕士,"青岛理工大学, 土木工程, 大四，GPA87.34，托福99"
香港城市大学建造管理硕士,"天津大学, 工程管理, 已毕业，GPA3.18"
香港中文大学系统工程与工程管理硕士,"天津大学, 工程管理, 大四，GPA83.69，雅思7"
香港中文大学电子工程硕士,"东北林业大学, 电子信息工程, 大四，GPA90.76，雅思7.0"
香港科技大学化学工程及生物分子工程学硕士,"香港科技大学, 生物科学, 大四，GPA2.32"
香港城市大学生物医学工程硕士,"香港科技大学, 生物科学, 大四，GPA2.32"
香港城市大学计算机科学硕士,"中山大学, 通信工程, 工作半年，GPA3.4，雅思6.5"
香港大学工业工程与物流管理硕士,"南京农业大学, 工业工程, 0.5年工作经验，GPA89.65，雅思6"
香港大学机械工程硕士,"南京航空航天大学, 材料科学与工程, 大四，GPA3.5，雅思6.5"
香港中文大学系统工程与工程管理硕士,"重庆大学, 工程管理, 在读研究生，GPA83，雅思6.5"
香港科技大学信息技术硕士,"华中农业大学, 信息管理与信息系统, 大四，GPA3.69，雅思6.5"
香港大学基础设施项目管理硕士,"天津大学, 工程管理, 大四，GPA3.56，雅思6.5"
香港大学机械工程硕士,"合肥工业大学, 过程装备与控制工程, 大四，GPA3.33，雅思6"
香港中文大学电子商务与物流技术硕士,"大连理工大学, 物流工程, 4年工作经验，GPA82，雅思6.5"
香港中文大学电子商务与物流技术硕士,"中央财经大学, 物流管理, 工作半年，GPA82.91，雅思7.0"
香港中文大学系统工程与工程管理硕士,"山东大学（威海）, 计算机科学与技术（中澳合作）, 大四，GPA86.65，雅思6.5"
香港大学电气与电子工程硕士,"天津大学, 光电信息科学与工程, 大四，GPA3.41，雅思6.5"
香港大学工业工程与物流管理硕士,"中央财经大学, 物流管理, 工作半年，GPA82.91，雅思7.0"
香港理工大学电子与信息工程硕士,"山东大学, 电子信息工程, 工作3年，GPA86.69，雅思6.0"
香港城市大学电子资讯工程学硕士,"东北林业大学, 电子信息工程, 大四，GPA90.76，雅思7.0"
香港大学电气与电子工程硕士,"东北林业大学, 电子信息工程, 大四，GPA90.76，雅思7.0"
香港城市大学土木与建筑工程理学硕士（建筑工程造价管理方向、土木工程方向）硕士,"青岛理工大学, 土木工程, 大四，GPA87.34，托福99"
香港大学工业工程与物流管理硕士,"南京农业大学, 电子商务, 大四，GPA3.58，雅思7，GRE320"
香港科技大学环境工程与管理硕士,"复旦大学, 环境工程, 已毕业，GPA2.8，托福88"
香港大学电气与电子工程硕士,"海南大学, 电子科学与技术, 大四，GPA82，雅思6.5"
香港科技大学工程企业管理硕士,"重庆大学, 工程管理, 研究生在读，GPA83，雅思6.5"
香港大学工业工程与物流管理硕士,"济南大学, 电气工程及其自动化, 大四，GPA84.44"
香港大学工业工程与物流管理硕士,"北京化工大学, 物流管理, 大四，GPA82.28，雅思7"
香港大学环境管理学硕士,"仲恺农业工程学院, 园林, 大四，GPA3.43，雅思6"
香港城市大学工程管理硕士,"南京航空航天大学, 交通运输（机场运行与管理）, 大四，GPA81，雅思6.5（5.5）"
香港大学工业工程与物流管理硕士,"清华大学, 工业工程与物流管理, 大四，GPA3.22，雅思6.5"
香港科技大学电信学硕士,"大连理工大学, 化学工程与工艺(化学工程), 工作3年，GPA3.14，雅思6.5"
香港科技大学集成电路设计工程硕士,"湖南大学, 电子科学, 工作1年，GPA79.43，雅思7.0"
香港大学电气与电子工程硕士,"安徽大学, 物联网工程, 工作2年，GPA84.14，雅思6.0"
香港科技大学化学工程及生物分子工程学硕士,"以色列理工学院, 化学工程, 大四，GPA72.6"
香港中文大学电子工程硕士,"华南师范大学, 光电信息科学与工程, 大四，GPA3.28，雅思6.5"
香港大学电气与电子工程硕士,"东北大学, 通信工程, 大四，GPA85.1，雅思7"
香港科技大学化学工程及生物分子工程学硕士,"以色列理工学院, 化学工程, 1年工作经验，GPA79.8"
香港中文大学机械与自动化工程硕士,"东北大学, 材料成型及控制工程, 工作2年，GPA80，雅思6.5"
香港中文大学信息工程硕士,"香港中文大学（深圳）, 计算机, 大四，GPA3.15，雅思6.5"
香港科技大学化学工程及生物分子工程学硕士,"以色列理工学院, 化学工程, 毕业，GPA77.9"
香港中文大学信息工程硕士,"中山大学, 通信工程, 工作半年，GPA3.4，雅思6.5"
香港科技大学电信学硕士,"吉林大学, 电子信息工程, 大四，GPA79，雅思6.5"
香港中文大学机械与自动化工程硕士,"武汉工程大学  佛罗里达理工学院, 机械工程, 大四，GPA3.9，托福89"
香港城市大学土木与建筑工程理学硕士（建筑工程造价管理方向、土木工程方向）硕士,"深圳大学, 土木, 大四，GPA3.63，雅思6.5"
香港城市大学电子资讯工程学硕士,"济南大学, 电气工程及其自动化, 大四，GPA84.44"
香港大学机械工程硕士,"武汉理工大学, 机械工程, 大四，GPA91.32，雅思6.5"
香港浸会大学绿色科技（能源）硕士,"南昌航空大学, 环境工程, 大四，GPA83.5，雅思6.0"
香港大学机械工程硕士,"山东大学, 机械设计制造及其自动化, 大四，GPA84.03，雅思6.5"
香港科技大学电子工程硕士,"华南理工大学, 自动化, 大四，GPA3.13，托福80"
香港浸会大学环境与公共健康管理硕士,"中国科学技术大学, 材料化学, 大四，GPA2.3，托福77"
香港大学机械工程硕士,"山东大学, 材料, 大四，GPA3.78，雅思6.5"
香港大学结构工程硕士,"华南理工大学, 建筑工程, 大四，GPA3.59，雅思6.5"
香港中文大学系统工程与工程管理硕士,"北京理工大学（985）, 机械工程, 工作半年，GPA81.13，雅思7.0"
香港科技大学电子工程硕士,"北京邮电大学, 测控技术与仪器, 已毕业，GPA74.68，雅思6.5"
香港理工大学资讯科技硕士,"北京邮电大学, 测控技术与仪器, 已毕业，GPA74.68，雅思6.5"
香港科技大学电子工程硕士,"东南大学, 电子科学与技术, 大四，GPA3.55，雅思6.5"
香港理工大学国际航运及物流管理硕士,"上海海事大学, 国航, 大四，GPA85.87，雅思7.0"
香港城市大学电子资讯工程学硕士,"华南理工大学, 自动化, 大四，GPA3.13，托福80"
香港城市大学电子商贸硕士,"暨南大学（211）, 计算机科学与技术, 大四，GPA80.21，雅思6.0"
香港城市大学多媒体资讯科技硕士,"深圳大学, 物联网工程, 大四，GPA83.6，雅思6.5"
香港科技大学电子工程硕士,"吉林大学, 电子信息工程, 大四，GPA79，雅思6.5"
香港理工大学资讯科技硕士,"广东工业大学, 物联网工程, 大四，GPA3.62，雅思6"
香港理工大学资讯科技硕士,"深圳大学, 物联网工程, 大四，GPA83.6，雅思6.5"
香港科技大学电子工程硕士,"湖南大学（985）, 电子科学, 工作半年，GPA79.43，雅思7.0"
香港科技大学大数据科技硕士,"中南大学, 数据科学与大数据技术, 大四，GPA88.33，托福93，GRE325"
香港科技大学大数据科技硕士,"电子科技大学, 通信工程, 大四，GPA3.61，雅思6.5"
香港城市大学工程管理硕士,"深圳大学, 土木, 大四，GPA3.63，雅思6.5"
香港理工大学电子与信息工程硕士,"华南理工大学, 自动化, 大四，GPA3.13，托福80"
香港科技大学信息技术硕士,"同济大学, 计算机科学与技术, 大四，GPA89.91，托福89"
香港科技大学大数据科技硕士,"电子科技大学（985）, 软件工程, 毕业半年，GPA3.31，托福89"
香港科技大学信息技术硕士,"山东大学, 计算机科学与技术, 大四，GPA4.11，雅思6.5"
香港城市大学机械工程硕士,"南京农业大学, 机械设计制造及自动化, 大四，GPA3.45，雅思6.5"
香港科技大学大数据科技硕士,"中国石油大学（华东）, 计算机, 1年工作经验，GPA3.3，雅思6.5"
香港理工大学土木工程硕士,"深圳大学, 交通工程, 大四，GPA78.9，雅思6.0"
香港科技大学机械工程硕士,"大连理工大学, 海洋技术, 大四，GPA80，雅思6.5"
香港理工大学电子与信息工程硕士,"湖南大学（985）, 电子科学, 工作半年，GPA79.43，雅思7.0"
香港城市大学能源及环境硕士,"西南石油大学, 石油工程, 2年工作经验，GPA3.27，雅思6.0"
香港科技大学机械工程硕士,"南京农业大学, 机械设计制造及自动化, 大四，GPA3.45，雅思6.5"
香港理工大学机械工程硕士,"南京农业大学, 机械设计制造及自动化, 大四，GPA3.45，雅思6.5"
香港中文大学计算机科学硕士,"山东大学, 计算机科学与技术, 大四，GPA4.11，雅思6.5"
香港科技大学土木基建工程与管理硕士,"东南大学, 土木工程, 毕业，GPA3.44，雅思7.0"
香港城市大学生物医学工程硕士,"以色列理工学院, 化学工程, 应届毕业生，GPA72.6"
香港理工大学机械工程硕士,"湖南大学, 车辆工程, 毕业，GPA3.37，雅思6.0"
香港理工大学工业物流系统硕士,"吉林大学, 物流, 大四，GPA78.54，雅思6.5"
香港科技大学航空工程硕士,"南京航空航天大学, 交通运输（机场运行与管理）, 大四，GPA3.5，雅思6.5"
香港理工大学工业物流系统硕士,"中南大学, 交通运输, 工作2年，GPA79.66"
香港城市大学机械工程硕士,"大连理工大学, 海洋技术, 大四，GPA80，雅思6.5"
香港中文大学信息工程硕士,"天津大学, 光电信息科学与工程, 大四，GPA3.41，雅思6.5"
香港大学工业工程与物流管理硕士,"吉林大学, 物流, 大四，GPA78.54，雅思6.5"
香港城市大学机械工程硕士,"武汉工程大学  佛罗里达理工学院, 机械工程, 大四，GPA3.9，托福89"
香港中文大学机械与自动化工程硕士,"中国矿业大学, 机械, 应届毕业生，GPA3.42，雅思6.5"
香港中文大学地理信息科学硕士,"太原理工大学, 城乡规划, 工作1年，GPA3.46，雅思6.5"
香港大学机械工程硕士,"中国矿业大学, 机械, 1年工作经验，GPA3.42，雅思6.5"
香港理工大学资讯科技硕士,"华南理工大学, 机械自动化, 2年工作经验，GPA81.51，雅思6.5"
香港中文大学地理信息科学硕士,"中国农业大学, 地理信息科学, 大四，GPA3.46，雅思6.5"
香港中文大学信息工程硕士,"中国农业大学, 地理信息科学, 大四，GPA3.46，雅思6.5"
香港科技大学机械工程硕士,"山东大学, 材料, 工作半年，GPA3.78，雅思6.5"
香港大学机械工程硕士,"四川大学, 高分子材料与工程, 毕业，GPA81.76，雅思6.0"
香港中文大学地理信息科学硕士,"苏州科技大学, 地理信息科学, 大四，GPA88.21，雅思6.5，GRE319"
香港科技大学大数据科技硕士,"山东大学（威海）, 计算机科学与技术（中澳合作）, 大四，GPA86.65，雅思6.5"
香港大学电气与电子工程硕士,"中山大学, 通信工程, 毕业半年，GPA3.4，雅思6.5"
香港科技大学环境工程与管理硕士,"以色列理工学院, 化学工程, 大四，GPA72.6"
香港科技大学环境工程与管理硕士,"以色列理工学院, 化工, 毕业，GPA77.9"
香港科技大学化学工程及生物分子工程学硕士,"南京工业大学, 安全工程, 毕业，GPA3.7，雅思6.5"
香港浸会大学绿色科技（能源）硕士,"西南石油大学, 石油工程, 2年工作经验，GPA3.27，雅思6.0"
香港科技大学环境健康和安全硕士,"北京林业大学, 生物技术+森林科学, 大四，GPA84，雅思7.0"
香港理工大学土木工程硕士,"青岛理工大学, 土木工程, 大四，GPA87.34，托福99"
香港理工大学土木工程硕士,"深圳大学, 土木, 大四，GPA3.63，雅思6.5"
香港科技大学环境工程与管理硕士,"以色列理工学院, 化学工程, 1年工作经验，GPA79.8"
香港科技大学环境科学与管理硕士,"北京林业大学, 生物技术+森林科学, 大四，GPA84，雅思7.0"
香港科技大学化学工程及生物分子工程学硕士,"吉林大学, 材料科学, 大四，GPA89.33，雅思7"
香港科技大学机械工程硕士,"中国矿业大学, 安全工程, 大四，GPA87.81，雅思7.5"
香港理工大学城市信息学及智慧城市理学硕士,"中南大学（985）, 交通运输, 工作3年，GPA79.72，雅思6.0"
香港科技大学大数据科技硕士,"北京理工大学, 统计, 大四，GPA85.33，雅思7，GRE322"
香港科技大学大数据科技硕士,"上海大学, 数学与应用数学, 应届毕业生，GPA86.03，雅思7，GRE320"
香港中文大学信息工程硕士,"华南师范大学, 光电信息科学与工程, 大四，GPA3.28，雅思6.5"
香港理工大学测绘及地理资讯学-测量硕士,"西南交通大学, 遥感技术, 大四，GPA84.13，雅思6.5"
香港城市大学多媒体资讯科技硕士,"香港中文大学, 计算机科学, 应届毕业生，GPA2.88"
香港理工大学电子与信息工程硕士,"海南大学, 电子科学与技术, 大四，GPA82，雅思6.5"
香港中文大学机械与自动化工程硕士,"华南理工大学, 自动化, 大四，GPA3.13，托福80"
香港中文大学机械与自动化工程硕士,"南京工业大学, 安全工程, 大四，GPA3.7，雅思6.5"
香港中文大学电子商务与物流技术硕士,"重庆大学, 工业工程, 大四，GPA3.28，雅思6.5"
香港中文大学计算机科学硕士,"华中农业大学, 信息管理与信息系统, 大四，GPA3.69，雅思6.5"
香港理工大学电子与信息工程硕士,"广东工业大学, 物联网工程, 大四，GPA3.62，雅思6"
香港中文大学信息工程硕士,"山东大学, 计算机科学与技术, 大四，GPA4.11，雅思6.5"
香港中文大学机械与自动化工程硕士,"南京农业大学, 机械设计制造及其自动化, 大四，GPA3.45，雅思6.5"
香港理工大学工业物流系统硕士,"上海海事大学, 国际航运管理, 大四，GPA85.87，雅思7.0"
香港中文大学系统工程与工程管理硕士,"海南大学, 交通运输, 大四，GPA3.42，雅思6.5"
香港中文大学电子商务与物流技术硕士,"海南大学, 交通运输, 大四，GPA3.42，雅思6.5"
香港大学工业工程与物流管理硕士,"海南大学, 交通运输, 大四，GPA3.42，雅思6.5"
香港科技大学电信学硕士,"上海理工大学, 电子与电气工程, 毕业，GPA61.75，雅思6.5"
香港中文大学信息工程硕士,"天津大学, 信息管理与信息系统（保密管理）, 大四，GPA3.32，雅思6.5"
香港科技大学工程企业管理硕士,"华中科技大学, 能源与动力工程, 应届毕业生，GPA80.8，雅思6.5"
香港大学机械工程硕士,"东南大学, 工程力学, 大四，GPA84.89，雅思6.5"
香港大学机械工程硕士,"大连理工大学, 海洋技术, 大四，GPA80，雅思6.5"
香港科技大学电信学硕士,"华南师范大学, 光电信息科学与工程, 大四，GPA3.28，雅思6.5"
香港中文大学系统工程与工程管理硕士,"郑州大学, 金融学, 已毕业，GPA3.05/4.0"
香港中文大学系统工程与工程管理硕士,"华中科技大学, 能源与动力工程, 应届毕业生，GPA80.8，雅思6.5"
香港中文大学计算机科学硕士,"东北大学, 软件工程, 大四，GPA3.57，雅思6.5"
香港中文大学信息工程硕士,"华南理工大学, 机械自动化, 2年工作经验，GPA3.4，雅思6.5（6）"
香港中文大学电子工程硕士,"同济大学, 电子信息工程, 大四，GPA87.91，雅思6.5"
香港中文大学计算机科学硕士,"南京大学, 计算机科学与技术, 毕业1年，GPA4.24，托福92"
香港中文大学电子商务与物流技术硕士,"南京农业大学, 电子商务, 大四，GPA3.56，雅思7.0，GRE320"
香港中文大学地理信息科学硕士,"西南交通大学, 遥感技术, 大四，GPA84.13，雅思6.5"
香港浸会大学绿色科技（能源）硕士,"仲恺农业工程学院, 园林, 大四，GPA82，雅思6"
香港科技大学电子工程硕士,"南京理工大学, 自动化, 大四，GPA3.33，雅思6.5"
香港中文大学信息工程硕士,"海南大学, 电子科学与技术, 大四，GPA82，雅思6.5"
香港理工大学城市信息学及智慧城市理学硕士,"西南交通大学, 遥感技术, 大四，GPA83.7，雅思6.5"
香港科技大学信息技术硕士,"南京大学, 计算机科学与技术, 毕业1年，GPA84.8，托福92（口语18）"
香港科技大学电信学硕士,"东北大学, 通信工程, 大四，GPA3.38，托福88"
香港科技大学电子工程硕士,"同济大学, 电子信息工程, 大四，GPA4.27/5，雅思6.5"
香港科技大学信息技术硕士,"同济大学, 电子信息工程, 大四，GPA4.27/5，雅思6.5"
香港中文大学电子商务与物流技术硕士,"郑州大学, 金融学, 已毕业，GPA3.05/4.0，托福82"
香港中文大学地理监测与公共管理硕士,"中国矿业大学, 测绘工程, 大四，GPA3.06，雅思6.5"
香港中文大学地理信息科学硕士,"中国矿业大学, 测绘工程, 大四，GPA3.06，雅思6.5"
香港中文大学生物化学及生物医学硕士,"大连理工大学, 精细化工, 工作1年，GPA83.45，托福87"
香港科技大学土木基建工程与管理硕士,"华南理工大学, 建筑工程, 大四，GPA3.49/4.0，雅思6.5"
香港浸会大学绿色科技（能源）硕士,"北京邮电大学世纪学院, 数字媒体技术, 大四，GPA83.9，雅思6.0"
香港科技大学信息技术硕士,"电子科技大学（985）, 软件工程, 毕业1年半，GPA3.31/4.0，托福89"
香港大学运输政策与规划硕士,"苏州科技大学, 地理信息科学, 大四，GPA86，雅思6.5（6.0）"
香港大学电气与电子工程硕士,"南京理工大学, 自动化, 大四，GPA3.33，雅思6.5"
香港科技大学集成电路设计工程硕士,"南京理工大学, 自动化, 大四，GPA3.33，雅思6.5"
香港大学计算机科学硕士,"东北大学, 软件工程, 大四，GPA3.52，雅思6.5（5.5）"
香港科技大学机械工程硕士,"北京航空航天大学, 机械工程, 大四，GPA85"
香港科技大学机械工程硕士,"华中科技大学, 能源与动力工程, 应届毕业生，GPA3.42（80.5），雅思6.5"
香港科技大学机械工程硕士,"中国矿业大学, 机械, 已毕业，GPA3.42，雅思6.5（5.5）"
香港科技大学大数据科技硕士,"同济大学, 计算机科学与技术, 大四，GPA4.5/5，90左右，托福89"
香港大学电气与电子工程硕士,"同济大学, 电子信息工程, 大四，GPA4.27/5，雅思6.5"
香港大学电气与电子工程硕士,"北京林业大学, 电气与电子工程, 大四，GPA86，雅思6"
香港浸会大学环境与公共健康管理硕士,"仲恺农业工程学院, 园林, 大四，GPA82，雅思6"
香港科技大学大数据科技硕士,"武汉大学, 计算机, 毕业，GPA3.66，托福97，GRE321"
香港科技大学工程企业管理硕士,"天津大学, 工程管理, 大四，GPA3.3，雅思7.0"
香港理工大学工程商业管理硕士,"北京交通大学, 西班牙语, 无工作经验，GPA86.4，雅思6.5（6）"
香港科技大学智能建筑物技术与管理硕士,"中南财经政法大学（211）, 工程管理+经济学, 大四，GPA83.35+86，雅思6.5（6）"
香港理工大学电子与信息工程硕士,"上海理工大学, 电子与电气工程, 毕业，GPA59.7"
香港理工大学电子与信息工程硕士,"华南师范大学, 光电信息科学与工程, 大四，GPA3.1，雅思7.0（5.5）"
香港科技大学机械工程硕士,"湖南大学, 机械设计制造及其自动化, 毕业，GPA3.11，雅思6.5"
香港理工大学电子与信息工程硕士,"北京林业大学, 电气与电子工程, 大四，GPA86，雅思6"
香港浸会大学环境与公共健康管理硕士,"江苏科技大学, 环境工程, 大四，GPA83，雅思6.5?5.5?"
香港城市大学土木及建筑工程硕士,"上海大学, 土木工程, 大四，GPA3.05"
香港科技大学环境科学与管理硕士,"青岛科技大学, 环境科学, 三年工作经验，GPA84.17，雅思6.5（5.5）"
香港城市大学多媒体资讯科技硕士,"华中科技大学, 通信工程, 大四，GPA3.2"
香港大学能源工程硕士,"华南理工大学, 能源与动力, 三年工作经验，GPA3.05，雅思6"
香港理工大学环球食品安全管理及风险分析理学硕士,"河北经贸大学, 食品质量与安全, 三年工作经验，GPA82，雅思6"
香港城市大学电子资讯工程学硕士,"华中科技大学, 通信工程, 大四，GPA3.2"
香港城市大学电子资讯工程学硕士,"南京航空航天大学, 自动化, 3年，GPA3.5"
香港城市大学材料工程与纳米技术硕士,"中国矿业大学（徐州）, 化学工程与工艺专业, 大四，GPA82.08，雅思6"
香港城市大学土木及建筑工程硕士,"中南大学, 土木, 大四，GPA82.84，托福93"
香港理工大学资讯科技硕士,"阿德莱德大学, 计算机科学, 毕业半年，GPA4.375/7"
香港理工大学资讯科技硕士,"北京林业大学, 电气工程及其自动化, 大四，GPA81.01，雅思6.5(5.5)"
香港大学环境工程硕士,"兰州大学, 环境工程, 大四，GPA88，雅思7"
香港大学电气与电子工程硕士,"吉林大学, 测控, 大四，GPA84，雅思7"
香港大学机械工程硕士,"西北工业大学, 材料科学与工程, 大四，GPA81.38，雅思6?5?"
香港大学机械工程硕士,"四川大学, 工程力学, 大四，GPA83，托福91"
香港城市大学电子资讯工程学硕士,"西安电子科技大学, 电子信息工程, 毕业1年，GPA3.28"
香港城市大学电子资讯工程学硕士,"东南大学, 通信工程, 1年工作经验，GPA86，雅思6.0"
香港大学电气与电子工程硕士,"哈尔滨工程大学, 光电信息科学与工程, 大四，GPA84.87，雅思6.0"
香港城市大学工程管理硕士,"中南大学, 地球信息科学与技术, 大四，GPA87"
香港科技大学电子工程硕士,"南开大学, 智能科学与技术, 大四，GPA84，雅思7/6"
香港大学电气与电子工程硕士,"南昌大学, 通信工程, 大四，GPA84.24，托福85"
香港大学计算机科学硕士,"西南财经大学, 信息管理与信息系统, 大四，GPA3.4，雅思6.5?5.5?"
香港大学电气与电子工程硕士,"华北电力大学, 自动化, 大四，GPA3.5，雅思6(5.5)"
香港科技大学航空工程硕士,"哈德斯菲尔德大学, 机械, 毕业，GPA68"
香港科技大学化学工程及生物分子工程学硕士,"以色列理工学院, 化学工程, 大四，GPA83.8"
香港科技大学环境工程与管理硕士,"以色列理工学院, 化学工程, 大四，GPA83.8"
香港理工大学机械工程硕士,"南京理工大学, 机械, 大四，GPA3.4，雅思6.5"
香港大学机械工程硕士,"四川大学, 高分子材料, 一年工作经验，GPA80.07"
香港理工大学生物医学工程硕士,"巴黎第五大学, 生命科学, 大三，GPA12，雅思6.0"
香港城市大学建造管理硕士,"哈尔滨工业大学（威海）, 土木, 18年毕业，GPA80，雅思6.5"
香港科技大学电子工程硕士,"同济大学, 电子信息, 已毕业，GPA79，雅思6.5"
香港科技大学电子工程硕士,"吉林大学, 电子科学与技术, 3年工作经验，GPA80，雅思6.5"
香港科技大学机械工程硕士,"哈德斯菲尔德大学, 机械, 毕业，GPA68"
香港科技大学机械工程硕士,"武汉理工大学, 能源动力工程, 两年工作经验，GPA85.24，雅思6.5"
香港大学工业工程与物流管理硕士,"南开大学, 工业工程, 大四，GPA84.2，雅思6.5(83)"
香港中文大学电子商务与物流技术硕士,"南开大学, 工业工程, 大四，GPA84.2，雅思6.5(83)"
香港中文大学系统工程与工程管理硕士,"南开大学, 工业工程, 大四，GPA84.2，雅思6.5(83)"
香港大学电气与电子工程硕士,"南开大学, 智能科学与技术, 大四，GPA84，雅思7/6"
香港科技大学化学工程及生物分子工程学硕士,"四川大学, 高分子材料, 一年工作经验，GPA80.07"
香港城市大学生物医学工程硕士,"南方科技大学, 生物医学工程, 大四，GPA2.9"
香港大学电气与电子工程硕士,"武汉理工大学, 电子信息, 大四，GPA84，雅思6.5"
香港城市大学生物医学工程硕士,"南京中医药大学, 生物制药, 大四，GPA82.8，雅思6"
香港科技大学大数据科技硕士,"北京科技大学, 数学与应用数学, 大四，GPA86，雅思6.5"
香港科技大学环境工程与管理硕士,"湖南大学, 给排水工程, 大四，GPA3.28，雅思6.5(5.5)"
香港城市大学机械工程硕士,"长安大学, 材料成型及控制工程, 大四，GPA75，雅思6"
香港理工大学国际航运及物流管理硕士,"上海海事大学, 交通管理（航运管理）, 一年工作经验，GPA3.12，雅思6.5"
香港理工大学电子与信息工程硕士,"太原理工大学, 电子科学与技术, 大四，GPA3.71/5，雅思6.5"
香港城市大学能源及环境硕士,"东北农业大学, 环境工程/会计, 大四，GPA81.78/82.1，雅思6/450"
香港城市大学电子资讯工程学硕士,"哈尔滨工程大学, 光电信息科学与工程, 大四，GPA84.87，雅思6.0"
香港科技大学大数据科技硕士,"武汉大学, 软件工程, 大四，GPA3.7，雅思7(6)，GRE321"
香港城市大学电子资讯工程学硕士,"南昌大学, 通信工程, 大四，GPA84.24，托福85"
香港城市大学电子资讯工程学硕士,"同济大学, 电子信息, 已毕业，GPA79，雅思6.5"
香港中文大学系统工程与工程管理硕士,"对外经济贸易大学, 物流管理, 大四，GPA3.5，雅思6.5"
香港中文大学生物化学及生物医学硕士,"南开大学, 化学, 毕业，GPA83，雅思6.5(5.5)"
香港中文大学营养、食品科学和技术硕士,"西北农林科技大学, 农学, 一年工作经验，GPA86.5 ，雅思7"
香港大学工业工程与物流管理硕士,"东北农业大学, 物流工程, 大四，GPA83，雅思6.5(5.5)"
香港城市大学工程管理硕士,"中南大学, 自动化, 一年工作经验，GPA77.87，雅思6.5"
香港城市大学电子商贸硕士,"苏州大学, 电子商务, 已毕业，GPA3.3，雅思6.5"
香港大学工业工程与物流管理硕士,"对外经济贸易大学, 物流管理, 大四，GPA3.26，雅思6.5(6.0)"
香港科技大学智能建筑物技术与管理硕士,"上海大学, 土木工程, 大四，GPA79，雅思6.5?5.5?"
香港科技大学环境工程与管理硕士,"中国石油大学（华东）, 环保设备与工程, 大四，GPA82.5，雅思7?6?"
香港科技大学信息技术硕士,"四川大学, 计算机, 大四，GPA87.96，雅思6.5(5.5)"
香港中文大学电子商务与物流技术硕士,"对外经济贸易大学, 物流管理, 大四，GPA3.5，雅思6.5"
香港科技大学智能建筑物技术与管理硕士,"中国矿业大学（徐州）, 建筑学, 大四，GPA3.14，托福89"
香港科技大学电子工程硕士,"吉林大学, 测控, 大四，GPA82，雅思7"
香港理工大学机械工程硕士,"长安大学, 材料成型及控制工程, 大四，GPA75，雅思6"
香港理工大学生物医学工程硕士,"北京林业大学, 生物工程, 大四，GPA70.4，雅思6"
香港理工大学环境管理及工程学硕士,"浙江工商大学, 环境工程, 毕业，GPA84.89，托福89"
香港浸会大学环境与公共健康管理硕士,"巴黎第五大学, 生命科学, 大三，GPA12，雅思6.0"
香港城市大学多媒体资讯科技硕士,"北京林业大学, 电气工程及其自动化, 大四，GPA81.01，雅思6.5(5.5)"
香港理工大学资讯科技硕士,"广东外语外贸大学, 软件工程, 两年工作经验，GPA87，雅思6"
香港科技大学信息技术硕士,"武汉大学, 软件工程, 大四，GPA3.7，雅思7(6)，GRE321"
香港城市大学电子资讯工程学硕士,"北京信息科技大学, 测控, 大四，GPA81，雅思6"
香港城市大学电子资讯工程学硕士,"北京交通大学, 轨道交通信号控制, 大四，GPA82.2，雅思6.5"
香港城市大学多媒体资讯科技硕士,"广州大学, 软件工程, 大四，GPA82.5，雅思6.5(5.5)"
香港理工大学电子与信息工程硕士,"吉林大学, 电子科学与技术, 3年工作经验，GPA80，雅思6.5"
香港城市大学多媒体资讯科技硕士,"武汉理工大学, 电子信息, 大四，GPA84，雅思6.5"
香港城市大学土木及建筑工程硕士,"太原理工大学, 土木工程, 大四，GPA81.34，雅思6.5"
香港理工大学国际航运及物流管理硕士,"上海海事大学, 航运管理, 大四，GPA3.8，雅思6.5"
香港理工大学国际航运及物流管理硕士,"上海海事大学, 交通管理, 大四，GPA3.74/4，雅思6.5"
香港大学环境工程硕士,"湖南大学, 给排水工程, 大四，GPA3.28，雅思6.5(5.5)"
香港科技大学机械工程硕士,"四川大学, 工程力学, 大四，GPA83，托福91"
香港城市大学电子资讯工程学硕士,"北京林业大学, 电气工程及其自动化, 大四，GPA81.01，雅思6.5(5.5)"
香港科技大学信息技术硕士,"华东师范大学, 电子信息, 大四，GPA3.39，雅思7.5"
香港城市大学能源及环境硕士,"青岛科技大学, 环境科学, 三年工作经验，GPA84.17，雅思6.5（5.5）"
香港城市大学工程管理硕士,"南京农业大学, 工程管理, 大四，GPA89，雅思6"
香港科技大学电信学硕士,"同济大学, 电子信息, 已毕业，GPA79，雅思6.5"
香港大学基础设施项目管理硕士,"重庆大学, 工程管理, 大四，GPA80，雅思7"
香港城市大学生物医学工程硕士,"密苏里大学, 生物, 大四，GPA2.7"
香港理工大学制造系统工程与管理硕士,"中南大学, 自动化, 一年工作经验，GPA77.87，雅思6.5"
香港城市大学生物医学工程硕士,"浙江工业大学, 药学, 大四，GPA2.9"
香港科技大学集成电路设计工程硕士,"南京航空航天大学, 生物医学工程, 毕业，GPA4.0，雅思6.5"
香港科技大学集成电路设计工程硕士,"南昌大学, 通信工程, 大四，GPA84.24，托福85"
香港中文大学营养、食品科学和技术硕士,"四川农业大学, 烟草, 大四，GPA3.56，雅思6.5"
香港理工大学工业物流系统硕士,"南开大学, 工业工程, 大四，GPA84.2，雅思6.5(83)"
香港科技大学环境健康和安全硕士,"河海大学, 水文, 大四，GPA81.74，托福81"
香港中文大学电子商务与物流技术硕士,"对外经济贸易大学, 电子商务, 已毕业，GPA81，雅思6.5"
香港中文大学信息工程硕士,"山东大学, 能源与动力工程, 大四，GPA80，雅思7.5/6"
香港科技大学化学工程及生物分子工程学硕士,"大连理工大学, 化学工程, 大四，GPA85，托福95"
香港城市大学建造管理硕士,"南京农业大学, 工程管理, 大四，GPA89，雅思6"
香港中文大学电子商务与物流技术硕士,"东北农业大学, 物流工程, 大四，GPA83，雅思6.5(5.5)"
香港科技大学智能建筑物技术与管理硕士,"中国矿业大学, 工程管理, 大四，GPA83，雅思6.5"
香港城市大学建造管理硕士,"长安大学, 交通工程, 大四，GPA76，雅思6/5.5"
香港科技大学电信学硕士,"山东大学, 通信, 大四，GPA83，托福92，GRE315"
香港城市大学建造管理硕士,"中国矿业大学（徐州）, 工程管理, 已毕业，GPA2.85"
香港科技大学国际航空运输营运管理硕士,"南京航空航天大学, 机场运行与管理, 大四，GPA3.2/5，雅思7"
香港科技大学国际航空运输营运管理硕士,"南京航空航天大学, 交通运输（民航）, 大四，GPA3.5，雅思7.0?6.5?"
香港理工大学工业物流系统硕士,"上海海事大学, 航运管理, 大四，GPA3.8，雅思6.5"
香港中文大学计算机科学硕士,"北京林业大学, 信息管理与信息系统, 大四，GPA88.16，雅思6.5"
香港中文大学电子商务与物流技术硕士,"中国海洋大学, 国际经济与贸易, 大四，GPA89.65，雅思7，GMAT720"
香港大学工业工程与物流管理硕士,"湖南大学, 机械设计制造及其自动化, 三年工作经验，GPA3.37，雅思6.5?5.5?"
香港中文大学系统工程与工程管理硕士,"中国矿业大学, 工程管理, 大四，GPA86.5，雅思7"
香港城市大学建造管理硕士,"重庆大学, 工程造价, 大四，GPA80，雅思7"
香港中文大学信息工程硕士,"吉林大学, 电子科学与技术, 3年工作经验，GPA80，雅思6.5"
香港中文大学信息工程硕士,"山东大学, 通信, 工作2年，GPA83，托福92，GRE315"
香港城市大学建造管理硕士,"上海大学, 土木工程, 大四，GPA79，雅思6.5?5.5?"
香港城市大学工程管理硕士,"中国矿业大学, 工程管理, 大四，GPA86.5，雅思7"
香港浸会大学环境与公共健康管理硕士,"华东理工大学, 生物工程, 两年工作经验，GPA77，雅思6.5"
香港中文大学地理监测与公共管理硕士,"中南财经政法大学, 都市管理, 大四，GPA3.19，雅思6.5"
香港中文大学地理信息科学硕士,"中南财经政法大学, 都市管理, 大四，GPA3.19，雅思6.5"
香港城市大学生物医学工程硕士,"东北大学, 生物医学工程, 大四，GPA2.8，雅思6.5"
香港科技大学机械工程硕士,"大连理工大学, 机械工程, 大四，GPA84，托福93"
香港科技大学机械工程硕士,"中国石油大学（华东）, 环保设备与工程, 大四，GPA82.5，雅思7?6?"
香港科技大学土木基建工程与管理硕士,"东南大学, 道路桥梁, 大四，GPA83，雅思7"
香港科技大学土木基建工程与管理硕士,"东北大学, 安全工程, 大四，GPA85.2，托福101"
香港科技大学机械工程硕士,"华南理工大学, 热能与动力工程, 四年工作经验，GPA2.95，雅思7?6?"
香港科技大学化学工程及生物分子工程学硕士,"太原理工大学, 应用化学, 大四，GPA2.88 79，托福84"
香港科技大学电子工程硕士,"南京理工大学, 光信息, 大四，GPA3.73，雅思6.5"
香港科技大学化学工程及生物分子工程学硕士,"福州大学, 化学, 大四，GPA3.25，托福88"
香港城市大学电子商贸硕士,"东北农业大学, 物流工程, 一年工作经验，GPA81"
香港科技大学化学工程及生物分子工程学硕士,"南开大学, 化学, 毕业，GPA83，雅思6.5(5.5)"
香港大学机械工程硕士,"湖南大学, 机械设计制造及其自动化, 三年工作经验，GPA3.37，雅思6.5?5.5?"
香港科技大学化学工程及生物分子工程学硕士,"以色列理工学院, 化学工程, 大四，GPA79.7"
香港科技大学大数据科技硕士,"南开大学, 统计学, 大四，GPA85，托福101，GRE319"
香港中文大学信息工程硕士,"北京林业大学, 电气工程及其自动化, 大四，GPA81.01，雅思6.5(5.5)"
香港科技大学工程企业管理硕士,"浙江大学, 船舶与海洋工程, 大四，GPA84，雅思7"
香港科技大学大数据科技硕士,"西安交通大学, 自动化, 大四，GPA85，托福91"
香港科技大学信息技术硕士,"四川大学, 信息安全, 大四，GPA84.8，雅思6.5(5.5)"
香港中文大学信息工程硕士,"南开大学, 物流管理, 大四，GPA86，雅思7.5"
香港中文大学计算机科学硕士,"华东师范大学, 电子信息, 大四，GPA3.39，雅思7.5"
香港中文大学计算机科学硕士,"武汉理工大学, 计算机, 大四，GPA88，托福88"
香港城市大学电子资讯工程学硕士,"东北电力大学, 电气工程及其自动化, 大四，GPA77，雅思6?5?"
香港城市大学材料工程与纳米技术硕士,"南方科技大学, 化学, 大四，GPA3.07，托福86"
香港大学机械工程硕士,"郑州大学, 工程力学, 大四，GPA3.4，雅思6.5"
香港理工大学土木工程硕士,"长安大学, 交通工程, 大四，GPA76，雅思6/5.5"
香港理工大学机械工程硕士,"大连理工大学, 机械设计制造及其自动化, 四年工作经验，GPA78.2，雅思6"
香港中文大学系统工程与工程管理硕士,"中国矿业大学, 工程管理, 大四，GPA83，雅思6.5"
香港中文大学信息工程硕士,"南开大学, 自动化, 毕业，GPA82，托福79"
香港中文大学系统工程与工程管理硕士,"东北大学, 安全工程, 大四，GPA85.2，托福101"
香港城市大学电子资讯工程学硕士,"南京师范大学, 电气工程, 大四，GPA83，雅思7"
香港中文大学计算机科学硕士,"上海大学, 电子信息工程（卓越工程师培养计划）, 大四，GPA85，雅思6.5"
香港科技大学电信学硕士,"东北大学, 生物医学工程, 大四，GPA2.8，雅思6.5"
香港科技大学机械工程硕士,"郑州大学, 工程力学, 大四，GPA3.4，雅思6.5"
香港中文大学地理监测与公共管理硕士,"南京农业大学, 人文地理与城乡规划, 大四，GPA86，托福100"
香港中文大学地理信息科学硕士,"南京农业大学, 人文地理与城乡规划, 大四，GPA86，托福100"
香港科技大学航空工程硕士,"南京航空航天大学, 交通运输（民航）, 大四，GPA3.5，雅思7.0?6.5?"
香港科技大学航空工程硕士,"郑州大学, 工程力学, 大四，GPA3.4，雅思6.5"
香港科技大学机械工程硕士,"湖南大学, 机械设计制造及其自动化, 工作三年，GPA3.37，雅思6.5?5.5?"
香港理工大学环境管理及工程学硕士,"华东理工大学, 生物工程, 两年工作经验，GPA77，雅思6.5"
香港理工大学环境管理及工程学硕士,"青岛科技大学, 环境科学, 三年工作经验，GPA84.17，雅思6.5（5.5）"
香港理工大学环境管理及工程学硕士,"东北农业大学, 环境工程/会计, 大四，GPA81.78/82.1，雅思6/450"
香港科技大学电信学硕士,"北京林业大学, 电气与电子工程, 大四，GPA81.01，雅思6.5(5.5)"
香港理工大学电子与信息工程硕士,"北京林业大学, 自动化, 五年工作经验，GPA71，雅思6.5"
香港科技大学智能建筑物技术与管理硕士,"东北大学, 安全工程, 大四，GPA85.2，托福101"
香港科技大学智能建筑物技术与管理硕士,"太原理工大学, 土木工程, 大四，GPA81.34，雅思6.5"
香港理工大学土木工程硕士,"太原理工大学, 土木工程, 大四，GPA81.34，雅思6.5"
香港科技大学电子工程硕士,"西安交通大学, 自动化, 大四，GPA85，托福91"
香港科技大学电子工程硕士,"哈尔滨工业大学（威海）, 测控, 大四，GPA85，雅思7"
香港科技大学电子工程硕士,"上海大学, 电子信息工程（卓越工程师培养计划）, 大四，GPA85，雅思6.5"
香港城市大学材料工程与纳米技术硕士,"西北工业大学, 材料科学与工程, 大四，GPA81.38，雅思6?5?"
香港理工大学电子与信息工程硕士,"湖南大学, 通信工程, 大四，GPA77，雅思6"
香港科技大学集成电路设计工程硕士,"太原理工大学, 电子科学与技术, 大四，GPA3.71/5，雅思6.5"
香港理工大学电子与信息工程硕士,"北京林业大学, 电气工程及其自动化, 大四，GPA81.01，雅思6.5(5.5)"
香港科技大学大数据科技硕士,"东南大学, 测控技术与仪器, 大四，GPA3.5，雅思6.5"
香港科技大学工程企业管理硕士,"东北大学, 安全工程, 大四，GPA85.2，托福101"
香港理工大学生物医学工程硕士,"四川农业大学, 烟草, 大四，GPA3.56，雅思6.5"
香港科技大学大数据科技硕士,"中山大学, 通信工程, 18年毕业，GPA84，托福103，GRE324"
香港科技大学环境健康和安全硕士,"中国矿业大学（徐州）, 环境工程, 大四，GPA82，雅思6.5"
香港理工大学电子与信息工程硕士,"吉林大学, 材料科学与工程, 三年工作经验，GPA73，雅思6?5.5?"
香港中文大学机械与自动化工程硕士,"太原理工大学, 电子科学与技术, 大四，GPA3.71/5，雅思6.5"
香港中文大学系统工程与工程管理硕士,"南开大学, 物流管理, 大四，GPA89，雅思7.5，GMAT740"
香港中文大学机械与自动化工程硕士,"浙江大学, 船舶与海洋工程, 大四，GPA84，雅思7"
香港科技大学信息技术硕士,"南京理工大学, 光信息, 大四，GPA3.73，雅思6.5"
香港科技大学工程企业管理硕士,"南开大学, 物流管理, 大四，GPA89，雅思7.5，GMAT740"
香港中文大学电子商务与物流技术硕士,"对外经济贸易大学, 物流管理, 大四，GPA3.26，托福87"
香港科技大学工程企业管理硕士,"中国海洋大学, 国际经济与贸易, 大四，GPA88+，雅思7，GMAT720"
香港中文大学信息工程硕士,"东南大学, 测控技术与仪器, 大四，GPA3.5，雅思6.5"
香港中文大学机械与自动化工程硕士,"郑州大学, 工程力学, 大四，GPA3.4，雅思6.5"
香港中文大学信息工程硕士,"四川大学, 信息安全, 大四，GPA84.8，雅思6.5(5.5)"
香港科技大学信息技术硕士,"武汉理工大学, 计算机, 大四，GPA88，托福88"
香港中文大学计算机科学硕士,"北京邮电大学, 物联网工程, 半年工作经验，GPA85.45，雅思6.5"
香港城市大学机械工程硕士,"南京航空航天大学, 工程力学, 一年工作经验，GPA2.9"
香港城市大学建造管理(建造项目管理/房地产管理)硕士,"海南大学, 土地资源管理, 大四，GPA3.26"
香港浸会大学绿色科技（能源）硕士,"青岛科技大学, 机械工程, 大四，GPA78，雅思6"
香港中文大学电子商务与物流技术硕士,"中央财经大学, 电子商务, 大四，GPA83.64，托福94"
香港科技大学航空工程硕士,"大连海事大学, 船舶与海洋工程, 大四，GPA85+，雅思6"
香港大学计算机科学硕士,"西南财经大学, 计算机科学与技术, 大四，GPA84，托福86，GRE310"
香港大学机械工程硕士,"大连海事大学, 船舶与海洋工程, 大四，GPA85+，雅思6"
香港城市大学机械工程硕士,"西安交通大学, 过程装备与控制工程, 大四，GPA78"
香港大学计算机科学硕士,"哈尔滨工业大学, 软件工程, 大四，GPA81.25，雅思6.5(5.5)"
香港大学基础设施项目管理硕士,"湖南大学, 土木工程, 17年毕业，GPA82，雅思6.5"
香港城市大学电子资讯工程学硕士,"澳门大学, 电机及电脑工程, 大四，GPA84，雅思6.5"
香港大学运输政策与规划硕士,"上海海事大学, 交通管理（航运管理）, 大四，GPA86，雅思7"
香港大学环境工程硕士,"重庆大学, 给排水科学与工程, 大四，GPA3.31，托福91"
香港大学环境工程硕士,"四川农业大学, 环境科学, 大四，GPA84，雅思6.5"
香港城市大学电子资讯工程学硕士,"哈尔滨工业大学（威海）, 测控技术与仪器, 大四，GPA82"
香港大学环境工程硕士,"南京理工大学, 环境工程, 大四，GPA3.4，雅思6"
香港城市大学土木及建筑工程硕士,"河北工业大学, 土木工程（交通工程方向）, 大四，GPA2.81，雅思6"
香港科技大学化学工程及生物分子工程学硕士,"吉林大学, 食品, 大四，GPA80.6，雅思6.5(5.5)"
香港城市大学能源及环境硕士,"吉林大学, 包装工程, 工作2年，GPA 80.49，雅思6(5.5)"
香港科技大学电信学硕士,"电子科技大学, 电子信息工程, 大四，GPA80.4，雅思6.5"
香港城市大学机械工程硕士,"西北工业大学, 材料成型及控制工程, 大四，GPA76.76，雅思6.5(5.5)"
香港城市大学工程管理硕士,"天津大学, 工业  辅修计算机科学, 毕业半年，GPA83，托福77"
香港城市大学电子商贸硕士,"吉林大学, 包装工程, 工作2年，GPA 80.49，雅思6(5.5)"
香港中文大学计算机科学硕士,"华中科技大学, 数字媒体技术, 工作2年，GPA80.18，雅思6.5(5.5)"
香港中文大学计算机科学硕士,"西南财经大学, 计算机科学与技术, 大四，GPA84，托福86，GRE310"
香港中文大学信息工程硕士,"武汉理工大学, 过程装备与控制, 应届毕业生，GPA3.4，雅思6.5"
香港中文大学计算机科学硕士,"四川大学, 信息管理与信息系统, 17年毕业，GPA85.46，托福83"
香港中文大学计算机科学硕士,"山东大学（威海）, 信息与计算科学, 大四，GPA85，雅思6"
香港城市大学电子资讯工程学硕士,"东华大学, 通信工程, 工作一年，GPA72"
香港大学计算机科学硕士,"哈尔滨工业大学（威海）, 信息管理与信息系统, 大四，GPA86，雅思6"
香港科技大学智能建筑物技术与管理硕士,"西南交通大学, 建筑学, 大四，GPA85，雅思6"
香港大学工业工程与物流管理硕士,"东北财经大学, 管理科学, 大四，GPA85.1，雅思6/488"
香港理工大学工业物流系统硕士,"广东外语外贸大学, 物流管理, 大四，GPA3.0，雅思6.5"
香港城市大学能源及环境硕士,"华侨大学, 化学工程与技术, 研二，GPA83.9，雅思6.5"
香港大学计算机科学硕士,"北京邮电大学, 物联网工程, 半年工作经验，GPA85.45，雅思6.5"
香港城市大学能源及环境硕士,"华东理工大学, 过程装备与控制工程, 大四，GPA75"
香港城市大学电子商贸硕士,"中央财经大学, 电子商务, 大四，GPA83.64，托福94"
香港城市大学电子资讯工程学硕士,"华南理工大学广州学院, 通信工程, 大四，GPA83"
香港城市大学电子资讯工程学硕士,"深圳大学, 电子通信工程, 大四，GPA3.1，雅思7"
香港大学电气与电子工程硕士,"山东大学, 电子信息工程, 一年工作经验，GPA80.37，雅思6.5"
香港城市大学机械工程硕士,"华东理工大学, 过程装备与控制工程, 大四，GPA75"
香港大学工业工程与物流管理硕士,"大连理工大学, 物流管理, 一年工作经验，GPA83，雅思6.5"
香港大学工业工程与物流管理硕士,"南京航空航天大学, 交通运输(机场运行管理), 五年工作经验，GPA84，雅思6"
香港科技大学化学工程及生物分子工程学硕士,"山东大学（威海）,  应用化学, 半年工作经验，GPA3.2，雅思6"
香港大学电气与电子工程硕士,"哈尔滨工程大学, 自动化, 大四，GPA85，雅思6.5"
香港城市大学机械工程硕士,"大连理工大学, 机械设计制造及其自动化, 大四，GPA75.8，托福84"
香港浸会大学绿色科技（能源）硕士,"厦门大学, 历史, 已毕业，GPA76"
香港城市大学电子商贸硕士,"上海财经大学, 电子商务, 半年工作经验，GPA83，雅思6.5"
香港城市大学建造管理(建造项目管理/房地产管理)硕士,"中南大学, 消防工程, 半年工作经验，GPA81"
香港科技大学航空工程硕士,"南京航空航天大学, 交通运输(机场运行管理), 五年工作经验，GPA84，雅思6"
香港理工大学电子与信息工程硕士,"华南理工大学, 电子与信息工程, 半年工作经验，GPA82，雅思6"
香港科技大学机械工程硕士,"浙江大学, 能源与环境系统工程, 大四，GPA80.1，雅思6.5"
香港科技大学信息技术硕士,"北京师范大学, 教育技术, 一年工作经验，GPA91.42，托福87"
香港科技大学环境工程与管理硕士,"重庆大学, 给排水科学与工程, 大四，GPA3.31，托福91"
香港理工大学工程商业管理硕士,"中国矿业大学（徐州）, 工程管理, 大四，GPA71，雅思6.5"
香港城市大学土木及建筑工程硕士,"江南大学, 工程管理, 已毕业，GPA84，雅思6"
香港大学机械工程硕士,"哈尔滨工程大学, 机械设计制造及其自动化, 大四，GPA84，雅思6.5"
香港科技大学化学工程及生物分子工程学硕士,"哈尔滨工业大学（威海）, 生物工程, 已毕业，GPA82.8，雅思6.5"
香港中文大学生物医学工程硕士,"沈阳药科大学, 中药学, 12年工作经验，GPA83，雅思6.5(5.5)"
香港中文大学电子商务与物流技术硕士,"上海财经大学, 电子商务, 半年工作经验，GPA83，雅思6.5"
香港科技大学大数据科技硕士,"山东大学, 电子信息工程, 一年工作经验，GPA80.37，雅思6.5"
香港城市大学工程管理硕士,"中国矿业大学（徐州）, 工程管理, 大四，GPA71，雅思6.5"
香港城市大学建造管理(建造项目管理/房地产管理)硕士,"西南交通大学, 建筑学, 大五，GPA82.7，雅思7(5)"
香港浸会大学环境与公共健康管理硕士,"厦门大学, 历史, 2年工作经验，GPA76"
香港科技大学大数据科技硕士,"四川大学, 信息管理与信息系统, 17年毕业，GPA85.46，托福83"
香港城市大学土木及建筑工程硕士,"太原理工大学, 城市地下空间工程, 大四，GPA79.19，雅思7.5"
香港大学环境工程硕士,"南开大学, 环境科学, 毕业，GPA82，雅思6.5"
香港科技大学信息技术硕士,"浙江大学, 计算机科学与技术, 大四，GPA87，托福94，GRE321"
香港科技大学大数据科技硕士,"中国矿业大学（徐州）, 统计学, 大四，GPA3.37，雅思6(5.5)"
香港大学机械工程offer一枚,"大连理工大学, 机械设计制造及其自动化, 大四，GPA75.8，托福84"
香港大学机械工程硕士,"四川大学, 高分子材料与工程, 大四，GPA83，雅思7"
香港城市大学能源及环境offer一枚,"南开大学, 环境科学, 应届毕业生，GPA82，雅思6.5"
香港科技大学环境工程与管理offer一枚,"南开大学, 环境科学, 应届毕业生，GPA82，雅思6.5"
香港大学机械工程offer一枚,"中国矿业大学（徐州）, 能源与动力工程, 大四，GPA84.8，雅思6(5.5)"
香港大学交通工程offer一枚,"长安大学, 交通工程, 大四，GPA 86，雅思6.5"
香港大学交通工程offer一枚,"东南大学, 交通工程, 一年工作经历，GPA81.16，雅思6"
香港科技大学环境工程与管理offer一枚,"南京理工大学, 环境工程, 大四，GPA3.4，雅思6"
香港城市大学工程管理offer一枚,"江南大学, 工程管理, 已毕业，GPA84，雅思6"
香港科技大学电子工程offer一枚,"哈尔滨工程大学, 自动化, 大四，GPA85，雅思6.5"
香港科技大学信息技术offer一枚,"山东大学（威海）, 通信工程, 大四，GPA85，雅思6.5"
香港科技大学电信学offer一枚,"西南交通大学, 电子信息工程, 1年工作经验，GPA83，雅思6"
香港科技大学大数据科技offer一枚,"纽约州立大学石溪分校, 应用数学与统计 和 经济专业 双学位, 大四，GPA3.84，托福80"
香港理工大学机械工程offer一枚,"大连理工大学, 机械设计制造及其自动化, 大四，GPA75.8，托福84"
香港理工大学环境管理及工程学offer一枚,"南开大学, 环境科学, 大四，GPA82，雅思6.5"
香港科技大学电信学offer一枚,"山东大学, 电子信息工程, 工作一年，GPA80.37，雅思6.5"
香港理工大学土木工程offer一枚,"重庆交通大学, 隧道及地下工程, 大四，GPA88.3，雅思6(5.5)"
香港中文大学机械与自动化工程offer一枚,"大连理工大学, 机械设计制造及其自动化, 大四，GPA75.8，托福84"
香港中文大学生物医学工程offer一枚,"西南交通大学, 生物医学工程, 大四，GPA86，雅思6.5"
香港理工大学土木工程offer一枚,"太原理工大学, 城市地下空间工程, 大四，GPA79.19，雅思7.5"
香港中文大学营养、食品科学和技术offer一枚,"华南师范大学, 生物科学（师范）, 大四，GPA83，雅思6.5"
香港中文大学系统工程与工程管理offer一枚,"哈尔滨工程大学, 飞行器质量与可靠性, 大四，GPA87，雅思7"
香港中文大学机械与自动化工程offer一枚,"厦门大学, 飞行器动力工程, 大四，GPA78，雅思6.5"
香港科技大学机械工程offer一枚,"浙江大学, 船舶与海洋工程, 大四，GPA86，雅思7"
香港科技大学土木基建工程与管理offer一枚,"澳门大学, 土木工程, 大四，GPA82，雅思6"
香港科技大学航空工程offer一枚,"哈尔滨工程大学, 机械设计制造及其自动化, 大四，GPA84，雅思6.5"
香港科技大学土木基建工程与管理offer一枚,"东南大学, 交通工程, 一年工作经验，GPA81.16，雅思6"
香港科技大学航空工程offer一枚,"厦门大学, 飞行器动力工程, 大四，GPA78，雅思6.5"
香港科技大学机械工程offer一枚,"四川大学, 高分子材料与工程, 大四，GPA81，雅思7"
香港科技大学电信学offer一枚,"南京邮电大学, 电子信息工程, 大四，GPA87.6，雅思7"
香港科技大学电子工程offer一枚,"合肥工业大学, 电子信息工程, 大四，GPA82，雅思6"
香港科技大学电子工程offer一枚,"哈尔滨工业大学（威海）, 通信和金融, 大四，GPA77，雅思6.5"
香港科技大学电子工程offer一枚,"电子科技大学, 电子科学与技术, 大四，GPA81.2，雅思6.5"
香港科技大学大数据科技offer一枚,"山东大学（威海）, 通信工程, 大四，GPA85，雅思6.5"
香港理工大学资讯科技offer一枚,"西南交通大学, 电子信息工程, 一年工作经验，GPA83，雅思6"
香港理工大学工业物流系统offer一枚,"上海财经大学, 电子商务, 已毕业，GPA83，雅思6.5"
香港科技大学工程企业管理offer一枚,"哈尔滨工程大学, 飞行器质量与可靠性, 大四，GPA86.5，雅思7"
香港科技大学大数据科技offer一枚,"南开大学, 数理金融与精算, 大四，GPA84，托福101，GRE320"
香港理工大学电子与信息工程offer一枚,"深圳大学, 电子通信工程, 大四，GPA3.1，雅思7"
香港中文大学营养、食品科学和技术offer一枚,"广西大学, 食品质量与安全, 大四，GPA80，雅思6.5"
香港科技大学机械工程offer一枚,"山东大学, 热能与动力工程, 已毕业一年，GPA79.85，雅思6.5"
香港中文大学电子工程offer一枚,"南京邮电大学, 电子信息工程, 大四，GPA87.6，雅思7"
香港科技大学航空工程offer一枚,"中国矿业大学（徐州）, 能源与动力工程, 大四，GPA84.8，雅思6(5.5)"
香港科技大学集成电路设计工程offer一枚,"南京邮电大学, 电子信息工程, 大四，GPA87.6，雅思7"
香港科技大学化学工程及生物分子工程学offer一枚,"大连理工大学, 化学工程, 大四，GPA82，托福100，GRE320"
香港科技大学电子工程offer一枚,"南京邮电大学, 电子信息工程, 大四，GPA87.6，雅思7"
香港科技大学电子工程offer一枚,"华中科技大学, 光电信息科学与工程, 大四，GPA81.4，托福85"
香港科技大学航空工程硕士offer一枚,"安徽大学, 材料物理, 大四，GPA 86.5，雅思6.5"
香港城市大学建造管理硕士offer一枚,"湖北经济学院, 工程管理（房地产经营管理方向）, 两年半工作经验，GPA 84，六级451申请"
香港城市大学能源及环境硕士offer一枚,"华中农业大学, 环境工程, 大四，GPA 78，托福80"
香港理工大学机械工程硕士offer一枚,"郑州大学, 机械工程, 大四，GPA 79，雅思6.5"
香港科技大学机械工程硕士offer一枚,"郑州大学, 机械工程, 大四，GPA 79，雅思6.5"
香港科技大学环境健康与安全硕士offer一枚,"华中农业大学, 环境工程, 大四，GPA 78，托福80"
香港大学工业工程与物流管理硕士offer一枚,"大连海事大学, 交通运输, 大四，GPA 80，雅思6.5"
香港科技大学土木基建工程与管理硕士offer一枚,"华中科技大学, 土木工程, 大四，GPA 77，雅思6.5"
香港科技大学电信学硕士offer一枚,"大连海事大学, 电子信息工程, 大四，GPA 85，托福80"
香港大学电气与电子工程硕士offer一枚,"上海大学, 通信工程, 大四，GPA 85，雅思7"
香港科技大学土木基建工程与管理硕士offer一枚,"大连理工大学, 土木工程, 已毕业，GPA 86.5，雅思6"
香港科技大学电子工程硕士offer一枚,"南京航空航天大学, 电气工程及其自动化, 已毕业，GPA 84，雅思7"
香港理工大学生物医学工程硕士offer一枚,"吉林大学, 预防医学（医事法律）, 大四，GPA 75，雅思6"
香港科技大学土木基建工程与管理硕士offer一枚,"北京交通大学, 工程管理, 大四，GPA 85，雅思6.5"
香港城市大学机械工程硕士offer一枚,"大连海事大学	, 机械设计制造及其自动化, 大四，GPA 87，雅思6"
香港理工大学生物医学工程硕士offer一枚,"复旦大学, 核科学与核技术, 大四，GPA 82，雅思6.5"
香港大学机械工程硕士offer一枚,"哈尔滨工业大学, 材料成型及控制工程, 大四，GPA 81，雅思6.5"
香港大学环境工程硕士offer一枚,"吉林大学, 环境工程, 大四，GPA 80.42，托福90，GRE 314+3.5"
香港科技大学环境工程与管理硕士offer一枚,"福州大学, 给排水, 大四，GPA 83，雅思6.5"
香港城市大学建造管理硕士offer一枚,"华中科技大学, 环境工程, 两年工作经验，GPA 80，雅思6.5"
香港城市大学工程管理硕士offer一枚,"中国石油大学（北京）, 油气储运工程, 大四，GPA 86，六级488申请"
香港中文大学生物医学工程硕士offer一枚,"北京交通大学, 生物医学工程, 大四，GPA 81，无雅思申请"
香港浸会大学环境与公共健康管理硕士offer一枚,"吉林大学, 预防医学（医事法律）, 大四，GPA 74，雅思6"
香港城市大学能源及环境硕士offer一枚,"哈尔滨工业大学（威海）, 材料科学与工程, 大四，GPA 70，六级468申请"
香港理工大学土木工程硕士offer一枚,"北京交通大学, 土木工程（铁道工程）, 大四，GPA 83，雅思6.5"
香港浸会大学环境与安全健康管理硕士offer一枚,"中央财经大学, 人力资源管理, 大四，GPA 80，六级461"
香港理工大学生物医学工程硕士offer一枚,"北京交通大学, 生物医学工程, 大四，GPA 81，无雅思申请"
香港理工大学生物医学工程硕士offer一枚,"中山大学, 生物化学, 大四，GPA 79，雅思6"
香港大学电气与电子工程硕士offer一枚,"中国农业大学, 机械电子工程, 已毕业，GPA 83，雅思6"
香港中文大学电子工程硕士offer一枚,"上海交通大学, 电子科学与技术, 大四，GPA 79，托福86"
香港科技大学电子工程硕士offer一枚,"上海交通大学, 电子科学与技术, 大四，GPA 79，托福86"
香港大学机械工程硕士offer一枚,"吉林大学, 能源与动力工程, 大四，GPA 83.2，雅思6"
香港大学机械工程硕士offer一枚,"华东理工大学, 过程装备与控制工程, 大四，GPA 81.77，雅思6.5"
香港大学机械工程硕士offer一枚,"哈尔滨工业大学（威海）, 材料成型与控制工程, 大四，GPA 81，雅思6"
香港城市大学机械工程硕士offer一枚,"华南农业大学, 机械工程及其自动化, 大四，GPA 83，雅思6申请"
香港浸会大学环境与公共健康管理硕士offer一枚,"南方医科大学, 康复治疗学, 一年工作经验，GPA 70，雅思6"
香港科技大学环境科学与管理offer硕士一枚,"多伦多大学, 环境管理, 大四，GPA 75"
香港城市大学土木及建筑工程硕士offer一枚,"华中科技大学	, 土木工程, 大四，GPA 77，雅思6.5"
香港中文大学机械与自动化工程硕士offer一枚,"东南大学, 机械工程, 大四，GPA 81，雅思6.5"
香港中文大学计算机科学硕士offer一枚,"山东大学, 数字媒体技术, 大四，GPA 82，托福79"
香港科技大学化学工程及生物分子工程学硕士offer一枚,"中山大学, 生物化学, 大四，GPA 79，雅思6"
香港科技大学机械工程硕士offer一枚,"中国矿业大学, 材料科学, 大四，GPA 81，雅思6.5"
香港科技大学信息技术硕士offer一枚,"华南理工大学, 电子信息, 大四，GPA 84，雅思6"
香港中文大学计算机科学硕士offer一枚,"山东大学（威海）, 通信工程, 大四，GPA 83，托福90"
香港中文大学电子工程硕士offer一枚,"上海交通大学, 电气工程, 大四，GPA 82，托福87"
香港城市大学电子资讯工程学硕士offer一枚,"大连海事大学, 电子信息工程, 大四，GPA 85，托福80"
香港理工大学电子与信息工程硕士offer一枚,"大连海事大学, 电子信息工程, 大四，GPA 85，托福80"
香港科技大学大数据科技硕士offer一枚,"山东大学(威海）, 统计学, 大四，GPA 80，雅思6.5"
香港科技大学电子工程硕士offer一枚,"东南大学, 信息工程, 大四，GPA 85，雅思6"
香港理工大学国际航运及物流管理硕士offer一枚,"大连海事大学, 交通运输, 大四，GPA 80，雅思6.5"
香港城市大学材料工程与纳米技术硕士offer一枚,"哈尔滨工业大学（威海）, 材料科学与工程, 大四，GPA 70，六级468申请"
香港中文大学电子商务与物流技术硕士offer一枚,"大连海事大学, 交通运输, 大四，GPA 80，雅思6.5"
香港科技大学机械工程硕士offer一枚,"同济大学, 车辆工程, 大四，GPA 81，雅思6"
香港科技大学电信学硕士offer一枚,"浙江大学	, 信息工程, 大四，GPA 80，托福87"
香港科技大学电子工程硕士offer一枚,"南京大学	, 微电子, GPA 77，雅思6"
香港理工大学环境管理及工程学硕士offer一枚,"福州大学, 给排水, 大四，GPA 83，雅思6.5"
香港城市大学计算机科学硕士offer一枚,"武汉理工大学, 软件工程, 大四，GPA 79.3，雅思6.5"
香港城市大学工程管理硕士offer一枚,"香港城市大学, 计算机科学, 大四，GPA 77"
香港城市大学建造管理硕士offer一枚,"大连理工大学, 土木工程, 已毕业，GPA 86.5，雅思6"
香港城市大学工程管理硕士offer一枚,"湖南大学, 土木工程, 两年半工作经验，GPA 76，雅思7"
香港科技大学机械工程硕士offer一枚,"东北林业大学, 汽车服务工程, 大四，GPA 80，雅思6"
香港科技大学电信学硕士offer一枚,"山东大学（威海）	, 通信工程, 大四，GPA 83，托福90"
香港科技大学电子工程硕士offer一枚,"上海交通大学	, 自动化, 大四，GPA 82，托福97"
香港科技大学大数据科技硕士offer一枚,"华南理工大学	, 电子信息, 大四，GPA 84，雅思6"
香港理工大学电子与信息工程硕士offer一枚,"南开大学	, 光电信息科学与工程, 大四，GPA 79.8，托福97"
香港科技大学集成电路设计工程硕士offer一枚,"吉林大学	, 电子科学与技术, 大四，GPA 83，雅思6.5"
香港科技大学电子工程硕士offer一枚,"吉林大学, 自动化, 三年工作经验，GPA 81.2，托福87"
香港科技大学集成电路设计工程硕士offer一枚,"南京大学	, 微电子, GPA 77，雅思6"
香港科技大学电子工程硕士offer一枚,"上海交通大学	, 电气工程, 大四，GPA 82，托福87"
香港理工大学土木工程硕士offer一枚,"海南大学, 土木工程, 已毕业，GPA 78，雅思6"
香港科技大学电子工程硕士offer一枚,"哈尔滨工业大学（威海）, 光电信息科学与工程, 大四，GPA 85，雅思6"
香港科技大学电信学硕士offer一枚,"南京师范大学, 通信工程, 大四，GPA 83，雅思6"
香港理工大学国际航运及物流管理硕士offer一枚,"南京师范大学	, 国际经济与贸易, 十五年航运业工作经验，GPA 85，雅思6.5"
香港科技大学集成电路设计工程硕士offer一枚,"上海交通大学, 电子科学与技术, 大四，GPA 79，托福86"
香港科技大学环境科学与管理硕士offer一枚,"吉林大学, 环境工程, 大四，GPA 80.6，托福90，GRE 314+3.5"
香港理工大学机械工程硕士offer一枚,"华南农业大学	, 机械工程及其自动化, 大四，GPA 83，雅思6"
香港理工大学土木工程硕士offer一枚,"华中科技大学	, 土木工程, 大四，GPA 77，雅思6.5"
香港科技大学环境工程与管理硕士offer一枚,"吉林大学, 环境工程, 大四，GPA 80.6，托福90，GRE 314+3.5"
香港科技大学机械工程硕士offer一枚,"吉林大学	, 能源与动力工程, 大四，GPA 83.2，雅思6"
香港理工大学土木工程硕士offer一枚,"天津大学, 土木工程, 大四，GPA 85，雅思6"
香港城市大学能源及环境硕士offer一枚,"上海应用技术大学, 化学, 大四，GPA 82，雅思6"
香港理工大学测绘及地理资讯学（地理资讯）硕士offer一枚,"多伦多大学, 环境管理&地理双学位, 大四，GPA 2.55/4"
香港中文大学计算机科学硕士offer一枚,"中国人民大学	, 计算机, 大四，GPA 82，雅思7"
香港理工大学土木工程硕士offer一枚,"大连理工大学, 土木工程, 已毕业，GPA 86，雅思6"
香港理工大学生物医学工程硕士offer一枚,"浙江师范大学, 生物科学, 大四，GPA 80，雅思6"
香港理工大学屋宇设备工程（工学）硕士offer一枚,"东华大学, 建筑环境与设备工程, GPA 76，雅思6，三年工作经验"
香港中文大学生物医学工程硕士offer一枚,"浙江师范大学, 生物科学, 大四，GPA 80，雅思6申请"
香港科技大学环境健康和安全硕士offer一枚,"上海应用技术大学, 化学, 大四，GPA 82，雅思6"
香港科技大学信息技术硕士offer一枚,"中国人民大学	, 计算机, 大四，GPA 82，雅思7"
香港中文大学营养、食品科学和技术offer一枚,"华中农业大学, 生物技术, 大四，GPA 82，雅思6.5"
香港大学食品安全和毒理学硕士offer一枚,"四川农业大学, 生物技术, 大四，GPA 85，雅思 6.5"
香港大学食品安全和毒理学硕士offer一枚,"四川农业大学, 生物技术, 大四，GPA 85，雅思6.5"
香港科技大学航空工程硕士offer一枚,"中国石油大学（华东）, 车辆工程, 三年半工作经验，GPA 77，雅思6"
香港科技大学机械工程硕士offer一枚,"吉林大学, 交通运输（汽车运用工程）, 大四，GPA 78，雅思6"
香港科技大学机械工程硕士offer一枚,"哈尔滨工业大学, 材料成型及控制工程, 大四，GPA 81，雅思6.5"
香港中文大学计算机科学硕士offer一枚,"北京林业大学, 电子信息科学与技术, 大四，GPA 80，托福80"
香港中文大学电子工程硕士offer一枚,"上海大学, 自动化, 大四，GPA 81，雅思6.5"
香港中文大学机械与自动化工程硕士offer一枚,"西北工业大学, 飞行器设计与工程, 大四，GPA 81，托福87"
香港中文大学信息工程硕士offer一枚,"吉林大学, 自动化, 大四，GPA 81.2，托福87，三年工作经验"
香港理工大学测绘及地理资讯学-地理资讯硕士offer一枚,"武汉大学, 测绘工程, 大四，GPA 82.7，雅思7，GMAT 710"
香港理工大学生物医学工程硕士offer一枚,"华中科技大学, 生物制药, 大四，GPA 77，托福87"
香港科技大学化学工程及生物分子工程学硕士offer一枚,"华中科技大学, 生物制药, 大四，GPA 77，托福87"
香港城市大学能源及环境硕士offer一枚,"华中科技大学, 生物制药, 大四，GPA 77，托福87"
香港科技大学化学工程及生物分子工程学硕士offer一枚,"北京化工大学, 能源化学工程, 大四，GPA 83，雅思7"
香港城市大学能源及环境硕士offer一枚,"北京化工大学			, 能源化学工程, 大四，GPA 83，雅思7"
香港科技大学化学工程及生物分子工程学硕士offer一枚,"华东理工大学, 生物工程, 大四，GPA 81.7，雅思6.5"
香港科技大学电子工程硕士offer一枚,"南京航天航空大学	, 信息工程, 已毕业，GPA 90，雅思6.5"
香港科技大学环境工程与管理硕士offer一枚,"华中农业大学, 环境工程, 大四，GPA 80.59，雅思6.5"
香港浸会大学环境与公共健康管理硕士offer一枚,"浙江师范大学, 生物科学, 大四，GPA 80，雅思6"
香港科技大学环境科学与管理硕士offer一枚,"福州大学, 给排水, 大四，GPA 83，雅思6.5"
香港城市大学能源及环境硕士offer一枚,"福州大学, 给排水, 大四，GPA 83，雅思6.5"
香港科技大学化学工程及生物分子工程硕士offer一枚,"吉林大学, 高分子材料与工程, 大四，GPA 89，雅思6.5"
香港城市大学材料工程与纳米技术硕士offer一枚,"吉林大学, 高分组材料与工程, 大四，GPA 89，雅思6.5"
香港城市大学材料工程与纳米技术硕士offer一枚,"安徽大学, 材料物理, 大四，GPA 86.5，雅思6.5"
香港理工大学机械工程硕士offer一枚,"吉林大学, 交通运输（汽车运用工程）, 大四，GPA 78，雅思6"
香港科技大学化学工程及生物分析工程硕士offer一枚,"华南理工大学, 应用化学, 大四，GPA 84，雅思6"
香港城市大学土木及建筑工程硕士offer一枚,"南京工程学院, 建筑环境与设备工程, 三年半工作经验，GPA 85，雅思6"
香港科技大学环境健康和安全硕士offer一枚,"北京化工大学, 应用化学, 大四，GPA 84，雅思6"
香港科技大学电子工程硕士offer一枚,"中国农业大学, 机械电子工程, 已毕业，GPA 83，雅思6"
香港理工大学机械工程硕士offer一枚,"吉林大学, 材料成型及控制工程, 已毕业，GPA 76.7，雅思6"
香港科技大学航空工程硕士offer一枚,"吉林大学, 材料成型及控制工程, 已毕业，GPA 76.7，雅思6"
香港科技大学大数据科技硕士offer一枚,"中国人民大学, 应用统计学, 大四，GPA83，雅思6.5"
香港中文大学营养、食品科学和技术硕士offer一枚,"华东理工大学, 食品质量及安全, 大四，GPA83，托福91"
香港科技大学化学工程及生物分子工程学硕士offer一枚,"青岛科技大学, 化工, 已毕业，GPA80，雅思6"
香港理工大学机械工程硕士offer一枚,"中国石油大学（华东）, 车辆工程, 工作三年半，GPA77.26，雅思6"
香港理工大学电子与信息工程硕士offer一枚,"哈尔滨工业大学（威海）, 光电信息科学与工程, 大四，GPA 85，雅思6"
香港科技大学化学工程与生物分子工程学硕士offer一枚,"华东理工大学, 食品质量与安全, 大四，GPA83，托福91"
香港城市大学多媒体资讯科技硕士offer一枚,"山东大学, 数字媒体技术, 大四，GPA 82，托福79"
香港科技大学信息技术硕士offer一枚,"四川大学, 计算机科学与技术, 大四，GPA 82，雅思 6.5"
香港中文大学机械与自动化工程硕士offer一枚,"中国石油大学（华东）, 石油工程, GPA 83，雅思 7，三年工作经验"
香港科技大学环境健康和安全硕士offer一枚,"四川农业大学, 生物技术, 大四，GPA 86，雅思6.5"
香港科技大学信息技术硕士offer一枚,"西南财经大学, 信息管理与信息系统, 大四，GPA 86，雅思6.5"
香港城市大学计算机科学硕士offer一枚,"中国人民大学, 计算机科学与技术, 大四，GPA 82，托福 88"
香港中文大学营养、食品科学和技术硕士offer一枚,"江南大学, 食品科学和工程, 大四，GPA 85，托福91"
香港中文大学电子商务与物流技术硕士offer一枚,"西南财经大学, 信息管理与信息系统, 大四，GPA 84，雅思6.5"
香港中文大学电子商务与物流技术硕士offer一枚,"西南财经大学, 信息管理与信息系统, 大四，GPA 86，雅思 6.5"
香港科技大学航空工程硕士offer一枚,"西北工业大学, 飞行器设计, 大四，GPA 81，托福 87"
香港科技大学化学工程及生物分子工程学硕士offer一枚,"华东师范大学, 生物技术, 大四，GPA 87， 托福 92"
香港科技大学大数据科技硕士offer一枚,"南京航天航空大学, 信息工程, 已毕业，GPA 90， 雅思 6.5 "
香港科技大学电信学硕士offer一枚,"吉林大学, 通信工程, 大四，GPA 79，托福 96，GRE 315"
香港科技大学大数据科技硕士offer一枚,"浙江大学, 机械电子工程, 大四，GPA 84，雅思 7"
香港科技大学电信学硕士offer一枚,"华南理工大学, 电子信息, 大四，GPA 84，雅思 6"
香港科技大学工程企业管理硕士offer一枚,"兰州大学, 知识产权, 大四，GPA 94，雅思 6"
香港理工大学工程商业管理硕士offer一枚,"华南师范大学, 物流管理, 大四，华南师范大学增城学院与Bellevue University 2+2项目，国内GPA 84 国外GPA 3.9/4，免语言"
香港科技大学化学工程及生物分子工程学硕士offer一枚,"四川农业大学, 生物技术, 大四，GPA 86，雅思 6.5"
香港科技大学电信学硕士offer一枚,"上海大学, 通信工程, 大四，GPA 85，雅思 7 "
香港科技大学化学工程及生物分子工程学硕士offer一枚,"华中科技大学, 生物医学工程, 大四，GPA82， 雅思6.5"
香港科技大学电子工程硕士offer一枚,"上海大学, 通信工程, 大四，GPA 85，雅思 7"
香港科技大学电子工程硕士offer一枚,"西北工业大学, 信息工程, 大四，GPA 87， 雅思 6.5"
香港科技大学电信学硕士offer一枚,"西北工业大学, 信息工程, 大四，GPA 87， 雅思 6.5"
香港城市大学电子商贸硕士offer一枚,"武汉大学, 财政学, 大四，GPA 86，托福 88"
香港科技大学信息技术硕士offer一枚,"西南财经大学, 信息管理与信息系统, 大四，GPA 83， 雅思7"
香港中文大学生物医学工程硕士offer一枚,"华中科技大学, 生物医学工程, 大四，GPA 82， 雅思 6.5"
香港科技大学大数据科技硕士offer一枚,"北京外国语大学, 电子商务, 大四，GPA 88，雅思7.5，GRE 318+3.5"
香港科技大学电子工程硕士offer一枚,"湖南大学, 电气工程及其自动化, 大四，GPA 84，托福90"
香港科技大学环境科学与管理硕士offer一枚,"陕西师范大学, 环境科学, 大四，托福83"
香港科技大学电信学硕士offer一枚,"中山大学, 通信工程, 大四，GPA 3.1，雅思6，GRE 308"
香港城市大学建造管理硕士offer一枚,"哈尔滨工业大学, 城市规划, 大四，GPA 80，六级460"
香港城市大学计算机科学硕士offer一枚,"福州大学, 物联网工程, 大四，GPA 80.6，托福 94"
香港大学运输政策与规划硕士offer一枚,"南京大学, 城市规划, 大四，GPA 82.5，雅思6.5"
香港科技大学大数据科技硕士offer一枚,"西蒙弗雷泽大学, 统计学, 大四，GPA 3.5"
香港科技大学机械工程硕士offer一枚,"上海交通大学, 材料科学与工程, 大四，GPA 87，雅思 6.5"
香港大学工业工程与物流管理硕士offer一枚,"上海交通大学, 材料科学与工程, 大四，GPA 87，雅思 6.5"
香港理工大学屋宇设备工程硕士offer一枚,"哈尔滨工业大学, 建筑环境与设备工程, 大四，GPA 2.5，托福 80"
香港大学食品安全和毒理学硕士offer一枚,"西北农林科技大学, 葡萄与葡萄酒工程, 大四，GPA 83，雅思 5.5申请"
香港大学电气与电子工程硕士offer一枚,"中南大学, 电气工程及其自动化, 大四，GPA 85.95，托福 87"
香港中文大学计算机科学offer一枚,"中南大学, 计算机科学与技术, 大四，GPA 89.85，托福 95，GRE 308+2.5"
香港大学计算机科学硕士offer一枚,"中南大学, 计算机科学与技术, 大四，GPA 89.85，托福 95，GRE 308+2.5"
香港大学机械工程硕士offer一枚,"南京理工大学, 机械设计及其自动化, 大四，GPA 2.93，雅思 6"
香港大学计算机科学硕士offer一枚,"华中科技大学, 计算机, 大四，GPA 79，托福 93"
香港中文大学计算机科学硕士offer一枚,"中国药科大学, 信息管理与信息系统, 大四，GPA 87.5，六级 458"
香港理工大学测绘及地理资讯学-地理资讯硕士offer一枚,"哈尔滨工业大学, 城市规划, 大四，GPA 80，雅思6"
香港大学电气与电子工程硕士offer一枚,"四川大学, 电子信息工程, 已毕业，GPA 81，雅思7"
香港大学电气与电子工程硕士offer一枚,"北京化工大学, 自动化, 大四，GPA 3.15/4.33，雅思6"
香港城市大学计算机科学硕士offer一枚,"湖南大学, 软件工程, 已毕业，GPA 75，托福89"
香港大学电气与电子工程硕士offer一枚,"南京航空航天大学, 信息工程, 大四，GPA 3.2/5，雅思6.5"
香港理工大学电机工程硕士offer一枚,"上海理工大学, 自动化, 大四，GPA 4.08/5，托福 96"
香港大学工业工程与物流管理硕士offer一枚,"大连海事大学, 航运管理, 大四， GPA 81.3，雅思 6.5"
香港大学电气与电子工程硕士offer一枚,"合肥工业大学, 电气与电子工程, 大四，GPA 81，雅思 6"
香港大学电气与电子工程硕士offer一枚,"武汉大学, 电气工程与自动化, 大四，GPA 86，雅思6 "
香港城市大学电子资讯工程学硕士offer一枚,"东南大学, 信息工程, 大四，GPA 86，雅思6.5"
香港理工大学电子与信息工程硕士offer一枚,"东南大学, 信息工程, 大四，GPA 86，雅思6.5"
香港中文大学计算机科学硕士offer一枚,"上海交通大学, 船舶工程, 大四，GPA 82，托福90 "
香港城市大学能源及环境硕士offer一枚,"华北电力大学（保定）, 自动化, 大四，GPA 79，雅思6.5"
香港城市大学电子资讯工程学硕士offer一枚,"华北电力大学（保定）, 自动化, 大四，GPA 79，雅思6.5"
香港大学电气与电子工程硕士offer一枚,"华北电力大学, 风能与动力工程, 已毕业，GPA 84.7，雅思 6.5"
香港大学交通工程硕士offer一枚,"中南大学, 交通设备信息工程, 大四，GPA 84，雅思6 "
香港大学机械工程硕士offer一枚,"西安交通大学, 机械工程, 大四，GPA 85，托福82"
香港城市大学电子资讯工程学硕士offer一枚,"中山大学, 通信工程, 大四，GPA 84， 六级517"
香港大学机械工程硕士offer一枚,"中国农业大学, 机械设计制造及其自动化, 大四，GPA 3.17， 雅思 6"
香港科技大学机械工程硕士offer一枚,"华南理工大学, 机械工程及其自动化, 已毕业，GPA 75，雅思 6.0"
香港大学食品安全和毒理学硕士offer一枚,"上海应用技术大学, 分析化学, 大四，GPA 87，雅思6.5，奥克兰理工大学化学双学位"
香港大学机械工程硕士offer一枚,"山东大学, 材料成型及控制工程, 大四，GPA 84， 雅思 7"
香港中文大学机械与自动化工程硕士offer一枚,"东北大学秦皇岛分校, 机械工程及其自动化, 大四，GPA 88，无雅思申请"
香港中文大学电子工程硕士offer一枚,"上海大学, 电子科学与技术, 大四，GPA 3.33，雅思 6 "
香港科技大学机械工程硕士offer一枚,"南京理工大学, 机械工程及自动化, 大四，GPA2.93，雅思 6"
香港科技大学环境健康和安全硕士offer一枚,"华南农业大学, 环境工程, 已毕业，GPA3.54，雅思 6"
香港大学计算机科学硕士offer一枚,"华东师范大学, 计算机科学与技术, 大四，GPA 3.38/4，雅思 6"
香港中文大学系统工程与工程管理硕士offer一枚,"武汉大学, 软件工程, 已毕业，GPA 3.05，托福 80"
香港科技大学信息技术硕士offer一枚,"武汉大学, 软件工程, 已毕业，GPA 3.05，托福 80"
香港大学工业工程与物流管理硕士offer一枚,"东南大学, 交通运输, 大四，GPA 82.7，托福 86"
香港中文大学系统工程与工程管理硕士offer一枚,"上海交通大学, 电气工程及其自动化, 大四，GPA 83.5，雅思 6.5 "
香港大学机械工程硕士offer一枚,"中南大学, 交通设备信息工程, 大四，GPA 84，雅思6 "
香港大学计算机科学硕士offer一枚,"北京语言大学, 计算机科学与技术, 大四，GPA 88，托福94，GRE311"
香港科技大学环境科学与管理硕士offer一枚,"西北农林科技大学, 资源环境科学, 大四，GPA 78.6，雅思6.5"
香港大学机械工程硕士offer一枚,"山东大学, 材料科学与工程, 大四，GPA 85，雅思6.5"
香港中文大学地球信息科学硕士offer一枚,"中山大学, 地理信息系统, 大四，GPA 88，雅思 6.5 "
香港中文大学电子商务与物流技术硕士offer一枚,"华南理工大学, 电子商务, 大四，GPA 83， 雅思 6.5"
香港科技大学电信学硕士offer一枚,"上海交通大学, 电子信息科学, 大四，GPA3.05/4.3，托福89"
香港科技大学机械工程硕士offer一枚,"厦门大学, 飞行器动力工程, 大四，GPA 81，托福 83"
香港城市大学计算机科学硕士offer一枚,"长安大学, 网络工程, 大四，GPA 80， 六级453"
香港科技大学大数据科技硕士offer一枚,"中国人民大学, 统计, 大四，GPA 88，雅思6.5"
香港科技大学机械工程硕士offer一枚,"中国农业大学, 机械设计制造及其自动化, 大四，GPA 3.17，雅思 6"
香港科技大学大数据技术硕士offer一枚,"吉林大学, 软件工程, GPA81，托福98，两年工作经验"
香港科技大学电信学硕士offer一枚,"电子科技大学, 电子信息工程, 大四，GPA 77，雅思6.5"
香港科技大学机械工程硕士offer一枚,"西安交通大学, 机械工程, 大四，GPA 85，托福82"
香港中文大学系统工程与工程管理硕士offer一枚,"西北大学, 金融数学与统计, 大四，GPA 3.2，雅思6.5"
香港理工大学机械工程硕士offer一枚,"华南理工大学, 机械工程及自动化, 已毕业，GPA 75，雅思 6.0"
香港科技大学电信学硕士offer一枚,"南京航空航天大学, 信息工程, 大四，GPA 3.2/5，雅思6.5"
香港科技大学集成电路设计工程硕士offer一枚,"东南大学, 信息工程, 大四，GPA 86，雅思6.5"
香港科技大学电子工程硕士offer一枚,"东南大学, 信息工程, 大四，GPA 86，雅思6.5"
香港理工大学电子与信息工程硕士offer一枚,"上海交通大学, 船舶工程, 大四，GPA 82，托福90"
香港城市大学土木及建筑工程硕士offer一枚,"合肥工业大学, 土木工程, 研二，GPA 80，六级 473"
香港大学机械工程硕士offer一枚,"厦门大学, 飞行器动力工程, 大四，GPA 81，托福 83"
香港理工大学多媒体科技硕士offer一枚,"麦克莫瑞学院, 数字技术, 大四，海外本科，GPA 3.5"
香港城市大学土木及建筑工程硕士offer一枚,"哈尔滨工业大学, 建筑环境与设备工程, 大四，GPA 2.5，托福 80"
香港科技大学土木基建工程与管理硕士offer一枚,"重庆大学, 土木工程, 大四，GPA 81，雅思 6.5"
香港城市大学电子资讯工程学硕士offer一枚,"上海大学, 电子科学与技术, 大四，GPA 3.33，雅思 6"
香港科技大学机械与航空工程博士offer一枚,"哈尔滨工业大学, 材料加工工程, 研二，托福89，GPA 90，有科研经历"
香港科技大学土木基建工程与管理硕士offer一枚,"中国矿业大学（徐州）, 土木工程, 大四，GPA 82.5，雅思6"
香港科技大学土木基建工程与管理硕士offer一枚,"中国矿业大学（徐州）, 土木工程, 大四，GPA 82，雅思6"
香港科技大学土木基建工程与管理硕士offer一枚,"中国矿业大学（徐州）, 土木工程, 大四，GPA 84，雅思6"
香港中文大学电子工程硕士offer一枚,"合肥工业大学, 测控技术与仪器, 大四，GPA 81，雅思6申请"
香港浸会大学绿色科技硕士offer一枚,"华北电力大学, 核科学与核技术, 大四，GPA 3.15/5，雅思 6.0"
香港科技大学智能建筑物技术和管理硕士offer一枚,"哈尔滨工业大学, 建筑环境与设备工程, 大四，GPA 2.5，托福 80"
香港城市大学材料工程与纳米技术硕士offer一枚,"华南理工大学, 材料加工工程, 研三，研究生GPA 91.68，本科材料科学与工程 本科 3.6/5，托福 87"
香港中文大学信息工程硕士offer一枚,"上海交通大学, 电子信息科学, 大四，GPA 3.05/4.3，托福 89"
香港理工大学项目管理硕士offer一枚,"北京航空航天大学, 飞行器设计与工程, 已毕业，GPA 77，雅思5.5申请"
香港科技大学机械工程硕士offer一枚,"吉林大学, 热能与动力工程, 大四，GPA 82，雅思6"
香港中文大学计算机科学硕士offer一枚,"东南大学, 软件工程, 大四，GPA 82，托福88"
香港中文大学电子工程硕士offer一枚,"四川大学, 电子信息工程, 已毕业，GPA 81，雅思7"
香港科技大学化学工程及生物分子工程学硕士offer一枚,"东华大学, 轻化工程, 一年工作经验，GPA 3.02，托福81"
香港中文大学生物医学工程硕士offer一枚,"华东理工大学, 高分子材料与工程, 大四，GPA 80，雅思 6.5"
香港城市大学电子商贸硕士offer一枚,"华南理工大学, 电子商务, 大四，GPA 83， 雅思 6.5"
香港中文大学机械与自动化工程硕士offer一枚,"西安交通大学, 机械工程, 大四，GPA 85，托福82"
香港科技大学工程企业管理硕士offer一枚,"山东大学, 材料科学与工程, 大四，GPA 85，雅思6.5"
香港中文大学信息工程硕士offer一枚,"中山大学, 通信工程, 大四，GPA 3.1，雅思6申请，GRE 308"
香港城市大学能源及环境硕士offer一枚,"西北农林科技大学, 资源环境科学, 大四，GPA 78.6，雅思6.5"
香港科技大学化学工程及生物分子工程学硕士offer一枚,"华东理工大学, 高分子材料与工程, 大四，GPA 80，雅思 6.5"
香港理工大学电机工程硕士offer一枚,"中南大学, 交通设备信息工程, 大四，GPA 83.6，雅思6"
香港科技大学机械工程硕士offer一枚,"中南大学, 交通设备信息工程, 大四，GPA 83.6，雅思6"
香港城市大学能源及环境硕士offer一枚,"大连海事大学, 环境工程, 大四，GPA 75，雅思 6.5"
香港城市大学能源及环境硕士offer一枚,"东南大学, 环境科学与工程, 大四，GPA 75，雅思 6.5"
香港中文大学信息工程硕士offer一枚,"北京化工大学, 计算机科学与技术, 大四，GPA 3.49，雅思6.5"
香港科技大学集成电路设计工程硕士offer一枚,"电子科技大学, 电子科学与技术, 大四，托福85，GPA80"
香港科技大学信息技术硕士offer一枚,"上海交通大学, 计算机, 大四，GPA 82，托福102，GRE 318"
香港城市大学电子资讯工程学硕士offer一枚,"上海交通大学, 电子信息科学, 大四，GPA 3.05/4.3，托福 89"
香港科技大学智能楼宇技术和管理硕士offer一枚,"哈尔滨工程大学, 土木工程, 大四，GPA 78.85，雅思 6"
香港中文大学营养、食品科学和技术硕士offer一枚,"暨南大学, 食品质量与安全, 大四，GPA 82，雅思6.5"
香港城市大学电子资讯工程学硕士offer一枚,"电子科技大学, 电子信息工程, 大四，GPA 77，雅思6.5"
香港科技大学机械工程硕士offer一枚,"山东大学, 材料成型及控制工程, 大四，GPA 81.4，托福89"
香港科技大学电讯通信硕士offer一枚,"吉林大学, 通信工程, 大四，GPA 76，托福80"
香港大学计算机科学硕士offer一枚,"华中科技大学, 软件工程, 大四，GPA 83，托福95，GRE 322"
香港科技大学电子工程硕士offer一枚,"华中科技大学, 自动化, 大四，GPA 77，托福86"
香港大学电气与电子工程硕士offer一枚,"西安电子科技大学, 电子信息工程, 大四，GPA 80，雅思7"
香港中文大学信息工程全奖PhDoffer一枚,"华南理工大学, 电子信息工程, 大四，GPA 3.7，托福97，GRE 318"
香港科技大学机械工程硕士offer一枚,"西北工业大学, 热能与动力工程, 大四，GPA 3.14，雅思6.5"
香港大学电气与电子工程硕士offer一枚,"华东理工大学, 信息工程, 大四，GPA 80，雅思 6.5"
香港中文大学信息工程硕士offer一枚,"西北农林科技大学, 计算机科学与技术, 大四，GPA 80，雅思6，con雅思6.5"
香港大学能源工程硕士offer一枚,"上海交通大学, 热能与动力工程, 大四，GPA 3.3/4.4，托福80"
香港中文大学营养、食品科学和技术硕士offer一枚,"北京林业大学, 生物技术, 大四，GPA 84，雅思 7"
香港科技大学化学工程及生物分子工程学,"华侨大学, 化学工程与工艺, 大四，GPA 75，雅思6"
香港中文大学信息工程硕士offer一枚,"海南大学, 信息安全, 大四，GPA 83，雅思 6"
香港科技大学电子工程硕士offer一枚,"华中科技大学, 电子封装技术, 大四，GPA 85，托福 81"
香港科技大学电讯通信硕士offer一枚,"华东理工大学, 信息工程, 大四，GPA 80，雅思 6.5"
香港大学计算机科学硕士offer一枚,"北京语言大学, 数字媒体技术, 大四，GPA 88，托福 93，GRE 317"
香港中文大学信息工程硕士offer一枚,"西北工业大学, 电子信息工程, 大四，GPA 78，托福79"
香港科技大学环境工程与管理硕士offer一枚,"北京理工大学, 环境工程, 大四，GPA 80，托福 86"
香港大学电气与电子工程硕士offer一枚,"中国农业大学, 电气工程及其自动化, 大四，GPA 83.8，雅思 6.5"
香港大学机械工程硕士offer一枚,"西北工业大学, 热能与动力工程, 大四，GPA 3.14，雅思6.5"
香港城市大学电子资讯工程学硕士offer一枚,"上海交通大学, 信息工程, 大四，GPA 82，六级 492"
香港理工大学资讯科技硕士offer一枚,"湖南大学, 电子商务, 大四，GPA 2.8，托福 85，多次相关比赛实习"
香港大学电气与电子工程硕士offer一枚,"华北电力大学, 风能与动力工程, 大四，GPA 84.5，雅思 6.5"
香港城市大学建造管理（房地产管理）硕士offer一枚,"中国海洋大学, 工程管理, GPA 79，六级 461"
香港浸会大学绿色科技（能源）硕士offer一枚,"南京理工大学, 机械工程及自动化, 大四，GPA 77，六级518，托福 76，GRE 311"
香港理工大学电机工程硕士offer一枚,"南京航空航天大学, 电气工程与自动化, 大四，GPA 2.9，托福86"
香港城市大学电子资讯工程学硕士offer一枚,"南京理工大学, 信息对抗技术, 大四，GPA 76，托福88"
香港大学食品安全与毒理学硕士offer一枚,"华南理工大学, 食品科学与工程, 大四，GPA 3.6，雅思 6.5"
香港中文大学系统工程与工程管理硕士offer一枚,"中山大学, 信息管理与信息系统, 大四，GPA 3.7，托福89"
香港中文大学信息工程硕士offer一枚,"华东理工大学, 信息工程, 大四，GPA 80，雅思 6.5"
香港科技大学电子工程硕士offer一枚,"上海大学, 通信工程, 大四，GPA 89，雅思 6.5，GRE 320"
香港中文大学机械与自动化工程硕士offer一枚,"华中科技大学, 热能与动力工程, 大四，GPA 81，托福78"
香港浸会大学绿色科技（能源）硕士offer一枚,"吉林大学, 机械制造及自动化, 大四，GPA 72，CET 429"
香港理工大学国际航运与物流管理硕士offer一枚,"集美大学, 交通运输（国际航运管理方向）, 刘同学，集美大学，交通运输（国际航运管理方向），GPA 80+，雅思 6"
香港大学机械工程硕士offer一枚,"哈尔滨工业大学, 材料成型及控制工程, 杨同学，哈尔滨工业大学（威海），材料成型及控制工程，GPA 80.4， 雅思 6"
香港理工大学生物医学工程硕士offer一枚,"东华大学, 应用化学, 王同学，东华大学，应用化学，GPA 78，雅思 6"
香港理工大学生物医学工程硕士offer一枚,"天津大学, 生物科学, 王同学，天津大学，生物科学，GPA 81，雅思 6.5"
香港城市大学电子商务硕士offer一枚,"湖南大学, 电子商务, 付同学，湖南大学，电子商务，GPA 2.8，托福 85"
香港城市大学计算机科学硕士offer一枚,"湖南大学, 电子商务, 付同学，湖南大学，电子商务，GPA 2.8，托福 85"
香港城市大学环境及能源硕士offer一枚,"华侨大学, 化学工程与工艺, 田同学，华侨大学，化学工程与工艺，GPA 75，雅思 6"
香港中文大学生物医学工程硕士offer一枚,"天津大学, 生物科学, 王同学，天津大学，生物科学，GPA 81，雅思 6.5"
香港科技大学化学工程及生物分子工程学硕士offer一枚,"中国矿业大学（徐州）, 化学工程与工艺, 李同学，中国矿业大学（北京），化学工程与工艺，托福 81，GRE 318"
香港科技大学电子工程硕士offer一枚,"四川大学, 测控技术与仪器, 车同学，四川大学，测控技术与仪器，GPA 80.7，托福 92"
香港科技大学电子工程硕士offer一枚,"华北电力大学, 风能与动力工程 , 田同学，华北电力大学，风能与动力工程，GPA 84.5，雅思 6.5"
香港中文大学营养、食品科学和技术硕士offer一枚,"华东师范大学, 化学, L同学，华东师范大学，化学，GPA 3.0，雅思6.5"
香港中文大学生物医学工程硕士offer一枚,"广西大学, 制药工程, P同学，广西大学，GPA 80.1，托福 104，GRE 322"
香港科技大学环境健康与安全硕士offer一枚,"北京林业大学, 生物技术, 胡同学，北京林业大学，生物技术，GPA 84，雅思7"
香港科技大学信息技术硕士offer一枚,"华中科技大学, 软件工程, 李同学，华中科技大学，软件工程，GPA 83，托福 95"
香港城市大学建造管理硕士offer一枚,"南京工程学院, 工程管理, 伍同学，南京工程学院，工程管理， GPA 89， CET-6 455"
香港城市大学工程管理硕士offer一枚,"苏州大学, 工程管理, 吴同学，苏州大学，工程管理，GPA 80，六级?463"
香港城市大学电子资讯工程硕士offer一枚,"华南理工大学, 机械工程及自动化, GPA 3.03，CET-6 491"
香港城市大学电子及资讯工程硕士offer一枚,"重庆邮电大学, 生物医学工程, 何同学，重庆邮电大学，生物医学工程，GPA 78， CET-6 488"
香港城市大学电子及资讯工程硕士offer一枚,"北京理工大学, 光电信息工程, 章同学，北京理工大学，光电信息工程，GPA 76，CET-6 453"
香港科技大学通信工程硕士offer一枚,"电子科技大学, 通信工程, 朱同学，电子科技大学，通信工程，GPA 84，托福?82"
香港中文大学电子商务与物流硕士offer一枚,"湖南大学, 电子商务, 唐同学，湖南大学，电子商务，GPA 83，GMAT 660"
香港城市大学电子及资讯工程硕士offer一枚,"西北工业大学, 电子信息工程, 李同学，西北工业大学，电子信息工程，GPA 78，CET-6 549"
香港中文大学信息工程硕士offer一枚,"华中科技大学, 软件工程, 李同学，华中科技大学，软件工程，GPA 83，托福 90"
香港科技大学工程企业管理硕士offer一枚,"上海交通大学, 自动化, 林同学，上海交通大学，自动化，GPA 80，雅思 6.5"
香港城市大学电子资讯工程学硕士offer一枚,"吉林大学, 通信工程, 毛同学，吉林大学，通信工程，GPA 74，托福 80，六级 458"
香港科技大学集成电路设计offer一枚,"合肥工业大学, 微电子, 徐同学 合肥工业大学，微电子， GPA: 79 IELTS: 6.5"
香港中文大学 机械与自动化工程 offer一枚,"中国矿业大学（徐州）, 机械工程及自动化, 许同学?中国矿业大学，机械工程及自动化， GPA:80 TOEFL:86"
香港大学能源工程专业硕士offer一枚,"东南大学, 热能动力, 唐同学，东南大学，热能动力，GPA 80，托福85"
香港大学电子电气工程硕士offer一枚,"同济大学, 通信工程, 梁同学，同济大学，通信工程，GPA 84，雅思 6"
香港大学机械工程专业理学硕士offer一枚,"重庆大学, 材料加工工程, 刁同学，重庆大学，材料加工工程，GPA 85分"
香港科技大学电讯工程专业理学硕士offer一枚,"北京师范大学, 电子信息科学与技术, 骆同学，北京师范大学，电子信息科学与技术，GPA 77分，六级457"
香港大学电气与电子工程offer一枚,"华北电力大学, 电气工程与自动化, 苏同学，华北电力大学，电气工程与自动化，GPA 80.2 ，托福 81"
香港大学机械工程offer一枚,"上海交通大学, 机械工程及自动化, 马同学，上海交通大学，机械工程及自动化，GPA 77.4，雅思 6"
香港理工大学工程商业管理offer一枚,"同济大学, 车辆工程, 李同学，同济大学，车辆工程，GPA 2.89/5.0"
香港浸会大学绿色技术（能源）硕士 offer一枚,"东华大学, 纺织工程（针织与服装）, 郭同学，东华大学，纺织工程（针织与服装），GPA 78"
香港浸会大学绿色技术硕士offer一枚,"中国海洋大学, 化学, 何同学，中国海洋大学，化学，GPA 78，六级447"
香港科技大学智能楼宇技术和管理理学硕士offer一枚,"长安大学, 建筑设施智能技术, 樊同学，长安大学，建筑设施智能技术，GPA 81，六级468"
香港理工大学工业物流系统offer一枚,"武汉大学, 机械设计制造及其自动化, 饶同学，武汉大学，机械设计制造及其自动化，GPA3.54，雅思6，CET6 506"
香港理工大学电气工程offer一枚,"安徽大学, 电气工程及其自动化, 谢同学，安徽大学，电气工程及其自动化，GPA 82.33，雅思6"
香港理工大学电气工程offer一枚,"华北电力大学, 电气工程与自动化, 苏同学，华北电力大学，电气工程与自动化，GPA80.2， CET-6 468， 托福81"
香港理工大学机械工程offer 一枚,"吉林大学, 机械工程及其自动化, 侯同学，吉林大学，机械工程及其自动化，GPA72分，托福81分"
香港大学机械工程offer一枚,"南京理工大学, 机械工程, 姚同学，南京理工大学，机械工程，GPA77分，雅思6.5"
香港中文大学信息工程offer一枚,"西北工业大学, 电子信息工程, 崔同学，西北工业大学，电子信息工程，GPA83， CET6 480"
香港中文大学计算机科学offer一枚,"天津大学, 计算机科学与技术, 薛同学，天津大学，计算机科学与技术，GPA76分，六级446"
香港理工大学电气工程offer一枚,"华北电力大学, 电气工程及其自动化, 刘同学，华北电力大学，电气工程及其自动化，GPA77分，六级456"
香港中文大学电子商务与物流技术offer一枚,"华东理工大学, 信息管理与信息系统, 李同学，华东理工大学，信息管理与信息系统，GPA86分，六级477"
香港中文大学电子工程offer一枚,"中山大学, 通信工程, 赵同学，中山大学，通信工程，GPA 85分，六级 487"
香港中文大学电子商务与物流技术offer一枚,"北京理工大学, 过程装备与控制工程, 屈同学，北京理工大学，过程装备与控制工程，GPA81分，申请时只有4级成绩"
香港大学计算机科学offer一枚,"上海交通大学, 计算机科学与技术, 陈同学，上海交通大学，计算机科学与技术，GPA 83，托福90分"
香港大学机械工程offer一枚,"天津大学, 材料科学与工程, 蓝同学，天津大学，材料科学与工程，GPA 77分，托福80分"
香港中文大学电子工程offer一枚,"天津大学, 电子信息工程, 李同学，天津大学，电子信息工程，GPA 75分， 六级430"
香港中文大学电子工程offer一枚,"北京化工大学, 电子信息科学与技术, 张同学，北京化工大学，电子科学与技术，GPA 82分，六级546"
香港中文大学电子商务与物流技术offer一枚,"南开大学, 信息管理与信息系统, 张同学，南开大学，信息管理与信息系统，GPA77分，六级436"
香港中文大学电子工程offer一枚,"西南交通大学, 电子科学与技术, 刘同学，西南交通大学，电子科学与技术，GPA73分"
香港科技大学电讯offer一枚,"东南大学, 电子科学与技术, 冯同学，东南大学，电子科学与技术，GPA77分，雅思6"
香港科技大学集成电路设计工程offer一枚,"电子科技大学, 电子信息工程, 杨同学，电子科技大学，电子信息工程，GPA 83分，托福80分"
香港中文大学电子商务与物流技术offer一枚,"中国人民大学, 金融学, 吴同学（香港人），中国人民大学，金融学，GPA73分，六级439"
香港中文大学计算机科学offer一枚,"西南大学, 计算机科学与技术, 王同学，西南大学，计算机科学与技术，GPA87分，六级469"
香港中文大学计算机科学offer一枚,"西北工业大学, 电子信息工程, 杨同学，西北工业大学，电子信息工程，GPA80分，托福85"
香港中文大学信息工程offer一枚,"上海交通大学, 信息工程, 韩同学，上海交通大学，信息工程，GPA 77分，雅思6 六级537"
香港中文大学电子工程offer一枚,"南京理工大学, 电子信息工程, 杨同学，南京理工大学，电子信息工程，GPA 75分， 六级 452"
香港科技大学电讯offer一枚,"上海交通大学, 电子科学与技术, 王同学，上海交通大学，电子科学与技术，GPA75分，雅思6分"
香港城市大学材料工程与纳米技术硕士offer一枚,"天津大学, 材料科学与工程, 蓝同学，天津大学，材料科学与工程，GPA 77分，托福80分"
香港科技大学电子工程offer一枚,"西北工业大学, 电子信息工程, 周同学，西北工业大学，电子信息工程，GPA 78分， 雅思6"
香港中文大学系统工程与工程管理offer一枚,"西南交通大学, 电气工程, 王同学，西南交通大学，电子工程，GPA75分"
香港中文大学生物医学工程offer一枚 ,"南京中医药大学, 中医学, 张同学，南京中医药大学，中医学，GPA 80，六级 438

"
香港科技大学机械工程offer一枚,"武汉大学, 机械设计制造及其自动化, 张同学，武汉大学，机械设计制造及其自动化，GPA 82，六级 470，雅思 6"
